bridge_id,rank,gap_pattern,left_anchor,right_anchor,missing_relation,new_discriminator,anti_loop_evidence,evidence_path,anchor_strength,connectivity_gain,bounded_likelihood,multi_map_use,result,evidence_state,maps_improved,remaining_qualification,next_trigger
TBC001,1,KNOWN caller -> UNKNOWN state transition -> KNOWN downstream read,STEAM_PC typed CMap013936F0 polling005DA8E0; GOG_PC005DA9B0; inherited typed-world polling receipt,STEAM_PC00409DC0->00401BAF/00401BB6 repeat; GOG_PC00409D90 and known timing loop,Intervening loading-thread start/clear wrappers produce and delimit repeat byte00886FF8 around CMap polling,Previously unjoined005DA8E0->00409D20/00409D50 and GOG005DA9B0->00409CF0/00409D20; member request receiver00886FE0,Prior C0117/A01 getter-loop scope and corrected Phase6 typed CMap polling scope exclude intervening start/clear producer; agent discovery locators only until main primary reconciliation,"audit/targeted_bridges_2026-10-07/REPEAT_CONTRACT.json;inputs/decompiler/steam/DP_full.asm:10739-10768,532315-532325;independent GOG original ASM and ownPE;audit/targeted_bridges_2026-10-07/SCHEDULER_QUALIFIERS_PRIMARY.json",5,5,5,4,CONNECTED,VERIFIED,maps/FLOW_FRAME_SCHEDULER.md;maps/FINAL_ENGINE_FLOW_MAP.md;maps/STEAM_GOG_FLOW_CORRESPONDENCE.md,"Static branch/call order only; currentworker, activation, eventualexit, interleaving, runtime callback recurrence and ownership remain UNKNOWN",New admitted current-instance/call/trace or additional independently typed producer; no repeated selected static path
TBC002,3,UNKNOWN producer -> KNOWN state -> KNOWN consumer,STEAM_PC0061F660 uses same receiver fields25C/260; GOG_PC0061F5E0; receiver type pending,Known STEAM_PC004011B0 gated extra-presentation path and0040129C clear; independent GOG mapped consumer,Selected numeric state producers006227A0/GOG00622720 write extra-presentation00BD77BC before known conditional local three-iteration loops,"Unexamined selector1/3,arg2zero branches and caller field25C/260 transport, with independent build selection",Producer addresses remain UNKNOWN in FUNCTION ledger and no focused findings/queue hits; known map had consumer-only relation,audit/targeted_bridges_2026-10-07/PRESENT_CONTRACT.json;selected producer/caller ownPE and originalASM;class evidence if available;audit/targeted_bridges_2026-10-07/SCHEDULER_QUALIFIERS_PRIMARY.json,4,4,5,4,CONNECTED,VERIFIED,maps/FLOW_FRAME_SCHEDULER.md;maps/FLOW_DISPLAY_RESOLUTION_TIMING.md;maps/FINAL_ENGINE_FLOW_MAP.md;maps/STEAM_GOG_FLOW_CORRESPONDENCE.md,"Numeric selector semantics only until type established; no friendly UI label, allproducer completeness, API success or actual displaycadence",New admitted current-instance/call/trace or additional independently typed producer; no repeated selected static path
TBC003,4,KNOWN registration -> UNKNOWN dispatch/invocation -> KNOWN callback,CHelp selector35 factory record008BF808 and table0078100C /GOG00780FFC,"Known native-import00633B80 /GOG00633AD0, priorC0312","Selected installed callback adapter receiver type to known endpoint, not all endpoint callers",Uncredited CHelp006347D0 /GOG00634720 adapter and independent RTTI/vslots,C0312 expressly leaves incomingR UNKNOWN; typed installed path is new discriminator,audit/targeted_bridges_2026-10-07/HELP_CONTRACT.json;originalASM/ownPE;reused typed composition,5,4,5,4,CONNECTED,VERIFIED,maps/FLOW_RESOURCES_TEXTURES.md;maps/FLOW_RESOURCE_SYSTEM.md;maps/FINAL_ENGINE_FLOW_MAP.md;maps/STEAM_GOG_FLOW_CORRESPONDENCE.md,"Other callers/current callback admission, native import/API success, callback and resource lifetime remain UNKNOWN",Concrete additional admitted type/payload/currentepisode or runtime discriminator; no repeated selected static path
TBC004,5,KNOWN resource identity -> UNKNOWN load/parse bridge -> KNOWN runtime object,Known XCA parserE4/E8/EC/E10; model embeddedM+1B4 CRdInterp (C0231/A10),Known same-model scalar gate/update caller006BF887 /GOG006BF397,Class-discriminated array evaluator joins parsed backing/cursor/output arrays to same-model state updates,New006BA150/006BA330/006BA5C0 consumer bodies and explicitM+1B4 caller,XCA_ARRAY_SEMANTICS trigger inUNKNOWN_QUEUE49; priorA10 setup/reset only,audit/targeted_bridges_2026-10-07/XCA_CONTRACT.json;originalASM/ownPE;reused typed composition,5,5,4,5,CONNECTED,VERIFIED,maps/FLOW_RESOURCE_SYSTEM.md;maps/FLOW_PHYSICS_AND_FRAME_DEPENDENCE.md;maps/FINAL_ENGINE_FLOW_MAP.md;maps/STEAM_GOG_FLOW_CORRESPONDENCE.md,"Selected array mechanics only; payload validity/fullschema, active update/currentepoch, output meanings and ownership remain UNKNOWN",Concrete additional admitted type/payload/currentepisode or runtime discriminator; no repeated selected static path
TBC005,6,KNOWN producer -> KNOWN state -> UNKNOWN consumer,Known animation outputM1E8 and typed model packetM148/flagM2F4,Known reflection renderer consumes packet+1AC point/normal record at006D3B08,Selected M2F4 matrix->packet plane metadata->reflection plane,Unjoined006BDE4F–006BE1B3 field branch and new004AAE80/00448570 math operations,"A14 already byte-covered arm, but plane metadata source relation unclosed; PGC006 shader sample is separate",audit/targeted_bridges_2026-10-07/PLANE_CONTRACT.json;originalASM/ownPE;inherited typed model/effect evidence,5,5,4,5,CONNECTED,VERIFIED,maps/FLOW_REFLECTION_RENDERING.md;maps/FLOW_VISIBILITY_FRUSTUM_LOD.md;maps/FINAL_ENGINE_FLOW_MAP.md,"Only selected Steam admitted control path; matrix validity/indexextent/inverse-transpose semantics,currentcamera/material/shader/GPU/bugcause remain UNKNOWN",Concrete additional admitted type/payload/currentepisode or runtime discriminator; no repeated selected static path
TBC006,7,KNOWN caller -> UNKNOWN state transition -> KNOWN downstream read,Known typed CEffect callback event1 and inherited effect base fields,Known basepart update0071CFB0 bit4 gate and epilogue0071E714,Distance-based inherited1B4 bit4 state writer skips selected part update through samebase transport,New typed event1 distance writer and same-base E+1A8/count19C/stride20 part transport,No prior focused closure of selected1B4bit4 branch; fixed-delta1C0bit2 and visibility bits distinct,audit/targeted_bridges_2026-10-07/EFFECT_CONTRACT.json;originalASM/ownPE;inherited typed model/effect evidence,5,4,5,4,CONNECTED,VERIFIED,maps/FLOW_VISIBILITY_FRUSTUM_LOD.md;maps/FLOW_PHYSICS_AND_FRAME_DEPENDENCE.md;maps/FINAL_ENGINE_FLOW_MAP.md,"Part-update gate only; no universal render visibility, eventrecurrence, cutoffmetric/namedunits/runtimecadence or allinstance policy",Concrete additional admitted type/payload/currentepisode or runtime discriminator; no repeated selected static path
TBC007,8,KNOWN construction/publication -> UNKNOWN lifetime segment -> KNOWN cleanup,Known compatible bindingS14 and setter006B9020 cleanupS4/8,Known selected stateupdate006B8080 and returnedretainedS4,Allocation/decode request origin and conditional replacement of retainedblockS4/size8,Unvisited006B92D0/9450/9E30 and exactsameS caller6B84E3,"A11 onlysetter/Species caller; expresslyretains allocationoriginUNKNOWN,ownXAMguard applies",audit/targeted_bridges_2026-10-07/XAM_CONTRACT.json;originalASM/ownPE;inheritedtypedendpoint evidence;audit/targeted_bridges_2026-10-07/XAM_LOCAL_SCREEN_V2.json;RESOURCE_QUALIFIERS_PRIMARY.json,5,4,5,4,CONNECTED,VERIFIED,maps/FLOW_RESOURCE_SYSTEM.md;maps/FINAL_ENGINE_FLOW_MAP.md,"Fullgrammar/blockextent/allocation/decode success,currentresource/blockepisode/outputidentity and safe lastborrower remainUNKNOWN",Specificadditionaladmittedsource/type/currentepisode orruntime evidence; no repeatedselectedstaticpath/callee/fullschema census
TBC009,9,KNOWN handle/index creation -> UNKNOWN identity mapping -> KNOWN use/release,Known CSoundrequest/getter at0054E610 and separateCSound256 recorddomain,Known selectedMain00720080 receives storedS6C4,Selectedq producer->CSoundfullID resolver->B2C storedoperand->knownMainTconsumer,Unvisited0046DB40/004698A0 and new0054E610/629/90B crossdomaintransport,HookChain121 onlydownstreamq/currentrecord; no producer or q/B2C/MainT equalitytheorem,audit/targeted_bridges_2026-10-07/AUDIO_ID_CONTRACT.json;originalASM/ownPE;inheritedtypedendpoint evidence,5,5,4,5,CONNECTED,VERIFIED,maps/FLOW_AUDIO.md;maps/FINAL_ENGINE_FLOW_MAP.md,q andMainT distinct; B2Cfreshness/admission/currentroots/generations/name/backend/loopmeaning/actualsuccess remainUNKNOWN,Specificadditionaladmittedsource/type/currentepisode orruntime evidence; no repeatedselectedstaticpath/callee/fullschema census
TBC010,10,UNKNOWN producer -> KNOWN state -> KNOWN consumer,Known paired CRdInputI constructorI668 and7stride36 layout,Known rawselectedslot firstbyte==1 consumer00709C68/GOG00709BC8,Initial selectedflagproducer separate from WinMM acquisition-resultbyte,Newpairedinitializer00709BB0/GOG00709B20 zero7flagpairs thenselectrow0,Controllerreport explicitlymissing selected+0producer; coarsePLATFORM label no focused initializer closure,audit/targeted_bridges_2026-10-07/INPUT_INITIAL_CONTRACT.json;originalASM/ownPE;inheritedtypedendpoint evidence,4,3,5,3,CONNECTED,VERIFIED,maps/FLOW_CONTROLLER_INPUT.md;maps/FINAL_ENGINE_FLOW_MAP.md;maps/STEAM_GOG_FLOW_CORRESPONDENCE.md,"Initialstate only; laterflagwriters, completebindings/deviceenumeration/physicalinput/acquisition/API success/livecadence remainUNKNOWN",Specificadditionaladmittedsource/type/currentepisode orruntime evidence; no repeatedselectedstaticpath/callee/fullschema census
TBC008,12,UNKNOWN A -> KNOWN transform -> UNKNOWN B,Known installedCEffect event12/type19 contextualscalar path (secondaryseed),Known typed CRdPrim/CMessage2Drequests,Proposed projection/fade-toUI transport is already source-qualified; no newly missing architectural relation,Screenfound existingeffectsseed/map alreadydescribe exact relation; primaryqualificationalone islowmarginalgain,effects.md357-368;FLOW_VISIBILITY_FRUSTUM_LOD151-156/173;C0095/C0135/BND-072/111,Suppliedsecondaryeffectsseed andcurrentmap; exactfinitehelper006B6870/selectedtransportlocators retained inFRONTIER_REASSESSMENT,3,2,4,2,UNCHANGED,UNKNOWN,,"Primarycoordinate/scalar transport, actualeventadmission/epoch/coordinate meaning/runtime/API/assetfeature remainUNKNOWN; no newreceiptcredit",Conflictingprimary/type/receiver or independentlyadmittedcurrentepochsource; no genericcallback/UIqualificationrecensus
TBC011,11,KNOWN registration -> UNKNOWN dispatch/invocation -> KNOWN callback,Known GOGstartup004019D5 literalcallback00454D80 installedthrough006BAAD0,Known GOGtypedCore0072C100/Main00720690 selectedrequests,OwnGOG orphan callbacknumeric event1 route andtypedCSoundmaintenance connectregistrationtoorganizingaudio work,"Unvisitedraworphan4D80 dispatch/remap,target4EF4,typedgetter004183F0/ctorvptr andselectedmaintenance Core-before-Main sites",gameplay_audio_organizing_roots expresslylimits deeperuse/taskplacementtoSteam; GOGoutercallback/useUNKNOWN; notPGC007metadata path,audit/targeted_bridges_2026-10-07/GOG_AUDIO_TASK_CONTRACT.json;GOGoriginalASM/ownPE/type/data;protectedcallbacksetter/typedCoreMainreuse,5,4,4,4,CONNECTED,VERIFIED,maps/FLOW_AUDIO.md;maps/FLOW_FRAME_SCHEDULER.md;maps/FINAL_ENGINE_FLOW_MAP.md;maps/STEAM_GOG_FLOW_CORRESPONDENCE.md,AvailableconditionalGOGselectedroute only; dynamiccallbackadmission/recurrence/allstatearmbehavior/SDKsuccess/currentepochs/GOGwholeaudio parity remainUNKNOWN,Specificadditionaladmittedsource/type/currentepisode orruntime evidence; no repeatedselectedstaticpath/callee/fullschema census
TBC012,2,KNOWN registration -> UNKNOWN dispatch/invocation -> KNOWN callback,NewlyverifiedinitialCDrawLoadingThread table0076F65C/GOG0076F64C slot4=0040A860/0040A830; known genericthread request/dispatcher,Known selectedD3D stage2/clear2/Present0 requests andsamebyte00886FF8 repeatread,Initialtypedworker callback availableloop usesmember18/sameglobalflag andknownrenderrequests,FreshownPE vslot4cells revealunexamined230bytebody; defuseoutsidepriorrepeatbracket scope,FUNCTIONledgeronlycoarsePLATFORM/importclassification no typedworkerrole; initialfrontierstop omitted thisfreshvslot discriminator,audit/targeted_bridges_2026-10-07/LOADING_CALLBACK_V2_CONTRACT.json;SCHEDULER_QUALIFIERS_PRIMARY.json;originalASM/ownPE;knownthread/D3Dreuse;audit/targeted_bridges_2026-10-07/LOADING_CALLBACK_V2_PRIMARY.json;LOADING_IMPORT_ID_PRIMARY.json,5,5,5,5,CONNECTED,VERIFIED,maps/FLOW_FRAME_SCHEDULER.md;maps/FLOW_DISPLAY_RESOLUTION_TIMING.md;maps/FLOW_PHYSICS_AND_FRAME_DEPENDENCE.md;maps/FLOW_RESOURCE_SYSTEM.md;maps/FLOW_D3D9_DEVICE_RESOURCES.md;maps/FINAL_ENGINE_FLOW_MAP.md;maps/STEAM_GOG_FLOW_CORRESPONDENCE.md,Availableinitial-vptr virtualdispatch/staticloop only; actualactivation/currentvptr/API/concurrency/cadence/clockunits/progress/quiescence UNKNOWN; accumulatorresetmustnotbeassumedrendergate,Specificcurrentvptr/activation/device/clock/borrower/source episode orindependentoperationcontract; noallthread/helper/variant recensus
