heuristic_id,category,name,scope,positive_examples,counterexamples_or_limits,confidence,scan_recipe,canonical_targets,last_reviewed,notes
RH01,RESEARCH_METHOD,Keep build-local identity explicit,all promoted executable identities,ledgers/FUNCTION_LEDGER.csv;ledgers/HOMOLOGY_LEDGER.csv,Friendly canonical names must not erase build-local addresses.,HIGH,"Carry build,address,auto-name,canonical-name,homology-group separately.",FUNCTION_LEDGER;HOMOLOGY_LEDGER,2026-10-04,Build identity discipline.
RH02,RESEARCH_METHOD,Raw control flow outranks broken decompiler boundaries,"control-flow, noreturn, callback, return-value boundaries",findings/boundaries/application_object_dispatch.md;findings/boundaries/cmustache_gog_creator_raw_recovery.md,Use only where raw bytes/assembly can resolve the disputed boundary.,HIGH,Compare raw bytes/branches/returns against decompiler body before semantic naming.,boundary reports,2026-10-04,False noreturn and split-function recovery.
RH03,RESEARCH_METHOD,"Historical reports are locators, not fresh proof","legacy reports, sourcecards, prior research",reports/PHASE4_RESOURCE_WORKER_ENTRY_SOURCECARD_2026-10-03.md;reports/PHASE4_NATIVE_UI_COMMIT_ENTRY_SOURCECARD_2026-10-03.md;reports/LEGACY_EVIDENCE_REFERENCE_DEBT.csv,Prior accepted claims may be reused only at exact accepted scope.,HIGH,"Use old material to locate addresses, then recheck primary evidence for promotion.",CLAIM_LEDGER;BOUNDARY_LEDGER,2026-10-04,Prevents evidence laundering.
RH04,RESEARCH_METHOD,Preserve disproven interpretations,all corrected claims,queues/CONTRADICTIONS.md;findings/boundaries/shared_actor_attachment_interface_correction.md,A rejected story can be superseded when genuinely new discriminating evidence appears.,HIGH,Record negative constraint and superseding evidence instead of deleting history.,CONTRADICTIONS;CLAIM_LEDGER,2026-10-04,Negative evidence is reusable.
RH05,RESEARCH_METHOD,Track the real receiver,"constructors, callbacks, virtual calls",findings/boundaries/cmenu_organizing_task_use.md;findings/boundaries/citem_factory_value_resource_binding.md,Nearby ctor/dtor calls do not type an unrelated incoming pointer.,HIGH,Track ECX/this or exact stack-local address across each load-bearing edge.,CLASS_LEDGER;BOUNDARY_LEDGER,2026-10-04,Receiver identity before semantics.
RH06,RESEARCH_METHOD,Callback/table targets survive export omissions,callback/vtable/jump-table/initializer targets,findings/boundaries/cmenu_organizing_task_use.md;findings/boundaries/cmustache_gog_creator_raw_recovery.md;findings/boundaries/physics_context_vector_activation.md,A literal code-looking address still needs raw executable confirmation.,HIGH,Seed raw target recovery from pointer literals even when functions.csv has no row.,FUNCTION_LEDGER candidates,2026-10-04,Orphan-boundary rule.
RH07,ANTI_HEURISTIC,Opaque calls are continuity barriers,producer-consumer chains crossing unreviewed calls,findings/boundaries/citem_factory_value_resource_binding.md;findings/boundaries/npc_enemy_camera_scalar_marker_policy.md;findings/boundaries/cobjectcar_model_base_cache_production.md,Continuity can be restored by explicit preservation/reacquisition proof.,HIGH,Split symbols at opaque calls and prove identity/value continuity before rejoining.,Phase4 mechanism reports,2026-10-04,Core Phase4 temporal guardrail.
RH08,ANTI_HEURISTIC,Reacquisition creates a new logical generation,repeated getters/root accessors,findings/boundaries/npc_enemy_camera_scalar_marker_policy.md;findings/boundaries/cmenu_fade_predicate_camera_policy.md;findings/boundaries/application_media_phase_placement.md,Same generation may later be proved by stable root/lifetime evidence.,HIGH,"Name repeated results R1,R2... until identity continuity is established.",Phase4 reports,2026-10-04,Fresh-read discipline.
RH09,RESEARCH_METHOD,Maintain explicit stack-coordinate bases,load-bearing stack arguments/locals,findings/boundaries/citem_factory_value_resource_binding.md;findings/boundaries/cobjectcar_model_base_cache_production.md;findings/boundaries/physics_context_vector_activation.md,Decompiler locals are acceptable only after manual coordinate reconciliation.,HIGH,Record entry-ESP/current-ESP transforms and recompute argument/local offsets.,boundary reports,2026-10-04,Prevents stack-offset semantic drift.
RH10,RESEARCH_METHOD,Reconstruct raw ABI before assigning semantics,returns and out-parameters,findings/boundaries/audio_descriptor_request_record_chain.md;findings/boundaries/npc_enemy_camera_scalar_marker_policy.md;findings/boundaries/physics_context_vector_activation.md,Friendly signature may be restored after raw register/out-param behavior is known.,HIGH,Classify EAX/AL/AX/out-param/address/ignored return shapes.,FUNCTION_LEDGER;boundary reports,2026-10-04,Decompiler signatures are provisional.
RH11,RESEARCH_METHOD,Preserve width and signedness literally,"packed IDs, flags, thresholds, byte events",findings/boundaries/resource_worker_typed_handoff.md;findings/boundaries/npc_enemy_camera_scalar_marker_policy.md,Do not widen or reinterpret until consumer behavior justifies it.,HIGH,"Track truncation, sign/zero extension, ordered/unordered comparisons and threshold inclusivity.",boundary reports,2026-10-04,Width is semantic evidence.
RH12,RESEARCH_METHOD,Restore split/truncated functions before semantics,suspected decompiler truncation,findings/boundaries/application_object_dispatch.md;findings/boundaries/cmustache_gog_creator_raw_recovery.md,Only needed when visible body boundary is load-bearing or implausible.,HIGH,"Recover continuation with raw branches, callers/callees and neighboring blocks.",FUNCTION_LEDGER;boundary reports,2026-10-04,Boundary repair before naming.
RH13,ANTI_HEURISTIC,Keep numeric domains separate until equality edge,"indices,tokens,states,handles,status fields",findings/boundaries/audio_descriptor_request_record_chain.md;findings/boundaries/resource_worker_typed_handoff.md;findings/boundaries/cmenu_numeric_game_slot_commit.md,Domains may merge after explicit equality/copy/provenance edge.,HIGH,Assign symbolic domain names before friendly semantics.,Phase4 mechanism reports,2026-10-04,Prevents accidental value conflation.
RH14,ANTI_HEURISTIC,Normal return does not prove semantic success,"load,playback,cache,media,resource operations",findings/boundaries/resource_worker_typed_handoff.md;findings/boundaries/audio_descriptor_request_record_chain.md;findings/boundaries/citem_factory_value_resource_binding.md,Explicit status/result validation can prove success.,HIGH,Locate the first validated status/result consumer before using success language.,boundary reports,2026-10-04,Completion vs success.
RH15,RESEARCH_METHOD,Classify reference kind before ownership reasoning,"pointers,handles,tokens,inline addresses",findings/boundaries/object_handle_lifecycle.md;findings/boundaries/audio_descriptor_request_record_chain.md,Some values can change representation across an explicit conversion boundary.,HIGH,Use resolver/release/sentinel/arithmetic/dereference behavior to classify.,CLASS_LEDGER;BOUNDARY_LEDGER,2026-10-04,Reference-kind discipline.
RH16,ANTI_HEURISTIC,Same offset across unrelated classes is not shared semantics,field-offset comparison,findings/boundaries/native_task_callback_lifecycle.md;findings/boundaries/cmessage_high_centrality_dispatcher.md,"Shared semantics require typed family evidence, not offset coincidence.",HIGH,"Type receiver first, then compare offset use within the family.",CLASS_LEDGER,2026-10-04,Offset anti-pattern.
RH17,ANTI_HEURISTIC,Same numeric state across subsystems is not shared meaning,state/event/bit constants,reports/PHASE4_VEHICLE_SELECTOR_CONTROL_CORRECTION_2026-10-03.md;findings/boundaries/cmenu_fade_predicate_camera_policy.md,Shared meaning can be established only by typed producer/consumer equivalence.,HIGH,Use typed receiver+field+writer+value+consumer as semantic key.,CLAIM_LEDGER,2026-10-04,Numeric coincidence anti-pattern.
RH18,ANTI_HEURISTIC,Bound a gate to the exact controlled region,conditional subsystem gates,findings/boundaries/cmap_state_resource_phase_placement.md;findings/boundaries/application_media_phase_placement.md;findings/boundaries/cobjectcar_model_base_cache_production.md,Broader mode semantics need independent evidence.,HIGH,Mark branch start/end and list operations skipped vs still executed.,boundary reports,2026-10-04,Prevents broad human-mode stories.
RH19,ANTI_HEURISTIC,Equal stride or size is not type identity,record/container reconstruction,findings/formats/resource_manager_population.md;findings/boundaries/physics_context_vector_activation.md,"Merge only with matching provenance, layout and consumers.",HIGH,"Compare initialization, fields and consumers before merging equal-size records.",CLASS_LEDGER;RESOURCE_TYPE_LEDGER,2026-10-04,Size/stride anti-pattern.
RH20,ANTI_HEURISTIC,"Separate finalizer registration, cleanup availability, invocation and free",lifecycle analysis,findings/boundaries/cmenu_organizing_task_use.md;findings/boundaries/physics_context_vector_activation.md;findings/boundaries/cscenedemo_post_effect_lifecycle_limit.md,An exact invoked destructor+allocator free path can close the chain.,HIGH,Record each lifecycle milestone independently.,CLASS_LEDGER;GLOBAL_LEDGER,2026-10-04,Four-stage lifecycle rule.
RH21,ANTI_HEURISTIC,Retention is not ownership,stored pointers and manager/root fields,findings/boundaries/crdpicture_clevel_resource_attachment.md;findings/boundaries/citem_factory_value_resource_binding.md;findings/boundaries/cmap_world_level_owner_root.md,Ownership may be established by matching creation/release/free responsibilities.,HIGH,"Track creator,retainer,releaser,freer separately.",CLASS_LEDGER;BOUNDARY_LEDGER,2026-10-04,Reachability is not deletion responsibility.
RH22,ANTI_HEURISTIC,Clear/reset/unlink is not free,pointer/handle/list/state clearing,findings/boundaries/object_handle_lifecycle.md;findings/boundaries/physics_context_vector_activation.md,A subsequent exact free can establish destruction.,HIGH,Search allocator/deallocator and pointee destructor separately from reset.,CLASS_LEDGER,2026-10-04,"Reset is a lifecycle edge, not free."
RH23,ANTI_HEURISTIC,Retirement marker/event is not deletion,CRdObject task retirement,findings/boundaries/cshop_callback_retirement.md;findings/boundaries/cthrowlure_retirement_marker_iterator.md,"Scope is current CRdObject-family evidence, not every engine event2.",HIGH,"Separate marker/event2, manager unlink, destructor and free.",OBJECT_DISPATCH findings,2026-10-04,Retirement pipeline discipline.
RH24,ANTI_HEURISTIC,Staging or cache publication is not freshness,save/resource/animation/model caches,findings/boundaries/save_writer_staging_write_policy.md;findings/boundaries/cobjectcar_model_base_cache_production.md;findings/boundaries/animation_model_state_submission.md,Freshness can be proven by explicit invalidation/producer-before-consumer ordering.,HIGH,"Track producer generation, invalidation, bypass paths and consumer generation.",Phase4 mechanism reports,2026-10-04,Freshness is separate from existence.
RH25,ANTI_HEURISTIC,Static call order is not runtime concurrency proof,worker/thread analysis,findings/boundaries/physics_context_vector_activation.md;findings/boundaries/resource_worker_typed_handoff.md,Synchronous direct calls do establish local immediate order.,HIGH,Separate instruction-order facts from OS scheduling/cadence/quiescence claims.,PHYSICS_PHYSX;RESOURCE_LOADING,2026-10-04,Concurrency guardrail.
RH26,ANTI_HEURISTIC,Repeated registration is not automatically idempotent,active-object/handle registration,findings/boundaries/cthrowlure_dispatcher_direct_caller_limit.md;findings/boundaries/object_handle_lifecycle.md,A different helper may be idempotent if duplicate handling is explicitly proven.,MEDIUM_HIGH,Inspect duplicate registration behavior and old-handle release before calling ensure.,OBJECT_HANDLE_SERVICE,2026-10-04,Stale-handle hazard prior.
RH27,RESEARCH_METHOD,Start typed-resource work at a verified seam,resource parser/factory reconstruction,findings/formats/typed_resource_dispatch.md;findings/boundaries/xpc_resource_positive_portfolio.md,Unverified extension strings are only locators.,HIGH,Follow exact typed branch from callback/factory to first discriminating consumer.,RESOURCE_TYPE_LEDGER,2026-10-04,Typed seam first.
RH28,RESEARCH_METHOD,Collect resource identity tuple before naming type,resource type promotion,findings/formats/typed_resource_dispatch.md;findings/formats/dpserial_archive_loader.md,Not every branch exposes every tuple element.,HIGH,"Collect extension,helpers,allocation,vtable,parser magic,handoff,consumer.",RESOURCE_TYPE_LEDGER;CLASS_LEDGER,2026-10-04,Multi-anchor resource typing.
RH29,ANTI_HEURISTIC,"Keep archive,manager,child,cache,utility records distinct",resource/container reconstruction,findings/formats/resource_manager_root.md;findings/formats/xpc2_child_accessors.md,Merge only with explicit shared-object/provenance evidence.,HIGH,"Track allocation source, owner, stride, lifecycle and consumer separately.",RESOURCE_TYPE_LEDGER,2026-10-04,Prevents adjacent-layout conflation.
RH30,RESEARCH_METHOD,Reconstruct managers as lifecycle clusters,manager/service candidates,findings/formats/resource_manager_root.md;findings/boundaries/physics_context_vector_activation.md,A partial cluster can remain candidate-only.,HIGH,"Inspect ctor args,table,callback,locks,population,root,update,cleanup.",SUBSYSTEM_LEDGER;CLASS_LEDGER,2026-10-04,Manager cluster method.
RH31,RESEARCH_METHOD,Reconstruct child records through discriminating consumers,child/cache record fields,findings/formats/xpc2_child_accessors.md;findings/boundaries/audio_descriptor_request_record_chain.md,Friendly field names wait for discriminating consumers.,HIGH,Start at initialization and enumerate all helpers/consumers of child base.,RESOURCE_TYPE_LEDGER,2026-10-04,Child-record discipline.
RH32,RESEARCH_METHOD,Homology requires structural anchors,Steam/GOG matching,ledgers/HOMOLOGY_LEDGER.csv;maps/STEAM_GOG_HOMOLOGY_REUSE.md,Address proximity alone is never enough.,HIGH,"Compare role,constants,fields,vtable,calls,strings,CFG.",HOMOLOGY_LEDGER,2026-10-04,Cross-build proof rule.
RH33,CROSS_BUILD_PRIOR,Regional address deltas are candidate priors only,Steam->GOG candidate ranking,ledgers/HOMOLOGY_LEDGER.csv,Current distribution can change as ledger grows; never use delta as proof.,HIGH_PRIOR_ONLY,Rank regional delta candidates then structurally verify.,HOMOLOGY_LEDGER,2026-10-04,260 verified pairs; top10 deltas cover ~88.1% in seq55 snapshot.
RH34,RESEARCH_METHOD,Prefer paired narrow slices when cross-build confidence matters,cross-build verification,findings/formats/typed_resource_dispatch.md;maps/STEAM_GOG_HOMOLOGY_REUSE.md,Mechanism discovery may intentionally be Steam-first if debt is recorded.,MEDIUM_HIGH,Use matched bounded slices where homology/artifact detection is the immediate goal.,HOMOLOGY_LEDGER,2026-10-04,Balances depth and paired proof.
RH35,RESEARCH_METHOD,Coarsely classify obvious external/runtime code and move on,function census,reports/PHASE1_STRUCTURAL_CENSUS.md,Do not skip game-owned wrappers around external APIs.,HIGH,Assign coarse ownership once adequate evidence exists.,FUNCTION_LEDGER,2026-10-04,Scalability rule.
RH36,RESEARCH_METHOD,Promote game-owned roots only from concrete anchors,root discovery,maps/SUBSYSTEM_ROOT_MAP.md;reports/PHASE3_LIFECYCLE_AND_ROOTS.md,High-reference global alone is insufficient.,HIGH,Require initializer/static receiver/lifecycle/vtable/table or repeated typed cluster.,GLOBAL_LEDGER;SUBSYSTEM_LEDGER,2026-10-04,Root-promotion rule.
RH37,RESEARCH_METHOD,Use global clusters as joins not labels,global analysis,ledgers/GLOBAL_LEDGER.csv;maps/SUBSYSTEM_ROOT_MAP.md,A global can bridge unrelated phases through reuse; owner must be verified.,HIGH,"Aggregate readers/writers then verify initializer,receiver and consumers.",GLOBAL_LEDGER,2026-10-04,Globals connect evidence.
RH38,RESEARCH_METHOD,Prefer cross-subsystem edges over isolated leaf helpers,Phase4 target selection,reports/PHASE4_MECHANISM_FRONTIER.md;ledgers/BOUNDARY_LEDGER.csv,Leaf helpers can be chosen when they provide a unique discriminator.,HIGH,Rank producer->mechanism->consumer boundaries across subsystem lines.,BOUNDARY_LEDGER,2026-10-04,Mechanism-first scheduling.
RH39,ANTI_HEURISTIC,Centrality ranks targets but does not name them,high fanout/fanin functions,findings/subsystems/high_centrality_00647730.md;reports/PHASE1_STRUCTURAL_CENSUS.md,Naming needs typed/lifecycle/boundary evidence.,HIGH,Use centrality for scheduling only.,FUNCTION_LEDGER,2026-10-04,Centrality anti-pattern.
RH40,RESEARCH_METHOD,Sourcecards and handoffs are locators not promotion artifacts,Phase4 batch workflow,reports/PHASE4_RESOURCE_WORKER_ENTRY_SOURCECARD_2026-10-03.md;reports/PHASE4_NATIVE_UI_COMMIT_ENTRY_SOURCECARD_2026-10-03.md,Can reuse accepted claims at exact scope.,HIGH,Re-derive mechanism from primary evidence in ordinary batch.,reports,2026-10-04,Governance rule.
RH41,RESEARCH_METHOD,Reuse accepted claims only at exact scope,cross-report reuse,ledgers/CLAIM_LEDGER.csv;reports/PHASE4_ENTRY_CARRY_FORWARD_OBLIGATIONS.csv,New evidence can widen scope through a new reviewed claim.,HIGH,Quote/reuse only the precise typed/root/boundary fact already accepted.,CLAIM_LEDGER,2026-10-04,Prevents scope inflation.
RH42,RESEARCH_METHOD,"Distinguish unvisited,not-found,bounded-static,disproven",negative/search states,queues/UNKNOWN_QUEUE.md;queues/BLOCKED.md;queues/CONTRADICTIONS.md,A bounded scan closes only its documented grammar.,HIGH,Record exact search grammar and reopen discriminator.,queues,2026-10-04,Negative-state vocabulary.
RH43,ANTI_HEURISTIC,Metrics are not semantic closure,coverage and validation counters,STATUS.md;reports/PHASE4_MECHANISM_FRONTIER.md,Metrics remain useful for workload tracking.,HIGH,Keep semantic exit criteria independent from raw count/byte/function percentages.,phase closeout reports,2026-10-04,Coverage is not understanding.
RH44,RESEARCH_METHOD,Reassess globally after coherent mechanism gain,Phase4 scheduling,reports/PHASE4_POST_CITEM_FRONTIER_REASSESSMENT_2026-10-04_SEQ0051.md;reports/PHASE4_POST_NPC_FRONTIER_REASSESSMENT_2026-10-04_SEQ0053.md;reports/PHASE4_POST_CAR_MODEL_FRONTIER_REASSESSMENT_2026-10-04_SEQ0055.md,Continue locally only when global comparison selects the same frontier.,HIGH,Compare independent families after each coherent gain before following warm locators.,PHASE4_MECHANISM_FRONTIER,2026-10-04,Anti-tunnel-vision rule.
RH45,RESEARCH_METHOD,Three non-discriminating revisits trigger BLOCKED,repeated unresolved questions,queues/BLOCKED.md;03_RESEARCH_PROTOCOL.md,A genuinely new discriminator resets the value of revisiting.,MEDIUM_HIGH,"After repeated equivalent searches, state exact missing evidence and block.",BLOCKED,2026-10-04,Stops research loops.
RH46,RESEARCH_METHOD,Keep checkpoints concise but complete,batch continuity,templates/CHECKPOINT_TEMPLATE.md;checkpoints/README.md,"Checkpoint is continuity metadata, not semantic proof by itself.",HIGH,"Record universe,targets,changes,scope,limits,counters,validation,next action.",checkpoints,2026-10-04,Durable autonomous workflow.
EP01,ENGINE_SIGNATURE,CRdObject/native-task adapter signature,established CRdObject/task family,findings/boundaries/native_task_callback_lifecycle.md;findings/boundaries/cshop_callback_retirement.md;findings/boundaries/cmenu_organizing_task_use.md,Event meanings and +0x44 are family-scoped; event2 is not delete.,HIGH,"Seed callback setter/factory, recover event map, phase slot and retirement edges.",OBJECT_DISPATCH;NATIVE_UI,2026-10-04,Candidate generator only.
EP02,ENGINE_SIGNATURE,Scheduled adapter to separate controller receiver switch,typed task/controller pairs,findings/boundaries/cmenu_organizing_task_use.md,Global access alone is insufficient; require explicit receiver switch.,HIGH,Find callbacks that save incoming task then load static/root ECX before class work.,NATIVE_UI;other controllers,2026-10-04,Strong CMenu archetype.
EP03,ENGINE_SIGNATURE,Active-object field cluster,CRdObject-derived objects,findings/boundaries/object_handle_lifecycle.md;findings/boundaries/native_task_callback_lifecycle.md,No single offset is diagnostic across unrelated classes.,MEDIUM_HIGH,Score multiple field behaviors plus registration/vtable family.,OBJECT_DISPATCH,2026-10-04,Use as family fingerprint.
EP04,ENGINE_SIGNATURE,Embedded helper vs independently registered object,owner/subobject classification,findings/boundaries/embedded_object_lifecycle_pattern.md;findings/boundaries/npc_record_embedded_lifecycle.md;findings/boundaries/fishing_primary_owner_update.md,A helper can still have ctor/dtor/vtable; independence needs its own registration/root lifecycle.,HIGH,Check independent handle/list/root registration before promoting entity status.,CLASS_LEDGER,2026-10-04,Prevents graph inflation.
EP05,ENGINE_SIGNATURE,In-place static service/root signature,static .data roots,findings/boundaries/cmenu_organizing_task_use.md;findings/boundaries/cmap_world_level_owner_root.md;findings/boundaries/physics_context_vector_activation.md,Deleting dtor does not imply static heap ownership; finalizer registration is not invocation.,HIGH,Scan init shims for absolute .data receiver -> ctor -> same-receiver finalizer.,SUBSYSTEM_ROOT_MAP,2026-10-04,High-value root scanner.
EP06,ENGINE_SIGNATURE,Lazy singleton getter signature,singleton cache getters,findings/boundaries/cgame_record_reconstruction_root.md;findings/boundaries/input_camera_primary_roots.md,Decompiler may call getter void; singleton capability does not exclude other instances.,HIGH,Find cache/null/alloc/ctor/publish/EAX-return shape and verify raw ABI.,SUBSYSTEM_ROOT_MAP,2026-10-04,Root discovery signature.
EP07,ENGINE_SIGNATURE,Singleton-capable class may have independent instances,class-instance provenance,findings/subsystems/audio.md;reports/PHASE3_AUDIO_INDEPENDENT_TYPE_REVIEW_2026-10-03.md,Currently strongest in audio; do not universalize instance count.,MEDIUM_HIGH,Track constructor/vtable identity separately from root/allocation provenance.,AUDIO,2026-10-04,Counter-signature to singleton overreach.
EP08,ENGINE_SIGNATURE,CThfunc OS-worker signature,CThfunc-derived worker classes,findings/boundaries/physics_context_vector_activation.md;findings/boundaries/resource_worker_typed_handoff.md,Available start path does not prove live runtime activation.,HIGH,Enumerate generic start-helper callers; recover receiver RTTI and slot+4 target.,PHYSICS_PHYSX;RESOURCE_LOADING,2026-10-04,Strong scanner target.
EP09,ENGINE_SIGNATURE,Fixed-stride manager/record-array signature,manager/container candidates,findings/formats/resource_manager_root.md;findings/boundaries/physics_context_vector_activation.md;findings/subsystems/audio.md,Equal stride/count does not establish type identity.,HIGH,"Rank stride arithmetic,count/capacity,sentinel init,indexing,cleanup,root retention.",multiple subsystems,2026-10-04,Structural only.
EP10,ENGINE_SIGNATURE,Requested/pending vs current/committed pair,state transition mechanisms,findings/boundaries/world_object_representation_policy.md;findings/boundaries/resource_worker_typed_handoff.md;findings/boundaries/cmenu_fade_predicate_camera_policy.md,Human state meaning remains unknown until typed consumers discriminate it.,HIGH,Search compare -> side effect -> copy/commit between same-domain fields.,WORLD_STREAMING;RESOURCE_LOADING;NATIVE_UI,2026-10-04,Useful state-machine recognizer.
EP11,ENGINE_SIGNATURE,Packed handle signature,CRdHandleUtil-like references,findings/boundaries/object_handle_lifecycle.md;findings/boundaries/object_registry_handle_lookup.md,Do not apply to arbitrary numeric indices/tokens.,HIGH,"Look for sentinel,resolver,release,generation/index packing and non-direct dereference.",OBJECT_HANDLE_SERVICE,2026-10-04,Handle-vs-pointer recognizer.
EP12,ENGINE_SIGNATURE,Scheduler-sensitive vtable fingerprint,active-object class clustering,findings/boundaries/object_virtual_phases.md;findings/boundaries/crdscenedraw_active_manager_interface.md;findings/boundaries/cmenu_organizing_task_use.md,Slot semantics are family/phase specific; shared target alone cannot name class.,MEDIUM,Cluster override/shared targets at known phase/lifecycle slots with factory context.,VTABLE_LEDGER;CLASS_LEDGER,2026-10-04,Candidate clustering.
EP13,ENGINE_SIGNATURE,Callback event-map/jump-table signature,raw callback blocks,findings/boundaries/cmenu_organizing_task_use.md;findings/boundaries/native_task_callback_lifecycle.md,Event numbers remain local without typed producers/consumers.,HIGH,Literal callback -> raw block -> low-byte map -> target table -> receiver analysis.,FUNCTION_LEDGER candidates,2026-10-04,Recovers orphan callback entries.
EP14,LOCAL_RECOGNIZER,Actor/model resource binding signature,selected CItem-like actor binding,findings/boundaries/citem_factory_value_resource_binding.md;findings/subsystems/actor_resource_binding.md,"Suffix does not prove concrete returned class, success or ownership.",LOCAL_MEDIUM,Seed .XMD/.XPC formatting + CRdData lookup + same-object slot publication.,ACTOR_OBJECTS;RESOURCE_LOADING,2026-10-04,Good sibling-search pattern.
EP15,ENGINE_SIGNATURE,Model/cache production pipeline,animation/model/render bridges,findings/boundaries/cobjectcar_model_base_cache_production.md;findings/boundaries/animation_model_state_submission.md;findings/boundaries/scene_submission_pointer_pipeline.md,Valid cache can bypass producer; freshness/final GPU submission remain separate.,MEDIUM,"Separate input/state prep,evaluation,cache,packet population,scene handoff.",ANIMATION;RENDER_D3D9;VEHICLE,2026-10-04,Mechanism decomposition pattern.
EP16,LOCAL_RECOGNIZER,Persistent-bit hysteresis recognizer,selected CNpcEnemy policy,findings/boundaries/npc_enemy_camera_scalar_marker_policy.md,Only one typed subsystem currently proves this exact policy; units/meaning unknown.,LOCAL,Look for prior-bit branch + two thresholds + preserve-between behavior.,ACTOR_OBJECTS,2026-10-04,Useful unknown-policy hypothesis.
EP17,LOCAL_RECOGNIZER,Latch producer/test/clear handshake,presentation/effects handshakes,findings/boundaries/presentation_movie_fade_latch_chain.md,"Exact latch meaning, freshness and last writer remain local.",LOCAL_MEDIUM,"Cluster writer,test,conditional action,clear and downstream guard.",EFFECTS;MEDIA_PLAYBACK,2026-10-04,One-shot handshake prior.
EP18,ENGINE_SIGNATURE,Publication before validation/null-gate,resource/cache publication paths,findings/boundaries/citem_factory_value_resource_binding.md;findings/boundaries/cobjectcar_model_base_cache_production.md,Not every store is pre-validation; inspect exact order.,MEDIUM,"Order store,status/null test,first dereference; label published/validated/consumed separately.",ACTOR_OBJECTS;RESOURCE_LOADING;ANIMATION,2026-10-04,Readiness anti-overclaim pattern.
CB01,CROSS_BUILD_PRIOR,Regional Steam to GOG address-delta ranking,paired PC homology candidate generation,ledgers/HOMOLOGY_LEDGER.csv,Standalone delta has zero homology authority; distribution changes as ledger grows.,HIGH_PRIOR_ONLY,"Learn per-region delta histogram, rank candidates, require structural verification.",HOMOLOGY_LEDGER,2026-10-04,"Seq55: 272 paired,260 verified,top10 deltas cover 88.1%."
