homology_group,steam_address,gog_address,xbox_address,canonical_name,match_basis,evidence_state,evidence_refs,last_reviewed,notes
H0001,006C5FF0,006C5AF0,,generic_object_dispatcher,Prior report names PC counterparts; same subsystem role and call-loop position,STRONG_INFERENCE,findings/boundaries/application_object_dispatch.md;findings/boundaries/object_virtual_phases.md,2026-10-02,"Verify normalized CFG and calls in Phase 1. Governance 2026-10-02: normalized citations to existing primary-backed root findings; no new paired body discovery or confidence promotion. Reuse only documented call/root/initialization scope, not complete normalized CFG equivalence."
H0002,004E3280,004E3350,,player_post_state_cct_path,Prior report names PC counterparts and distinct Player CCT ownership,STRONG_INFERENCE,engine/overview.md; player/cct-bridge.md,2026-10-02,Do not merge with NPC path. Inventory limit: GOG_PC 004E3350: secondary-derived correspondence is unconfirmed against current primary boundaries; do not treat as an exported-entry match. Curator scope review 2026-10-02; no new raw-boundary analysis.
H0003,0040BAF0,0040BAC0,,physx_async_worker,Prior cross-build timing study; queue/worker role and normalized behavior,STRONG_INFERENCE,engine/overview.md; disproven.md,2026-10-01,Runtime debt behavior unresolved.
H0004,0040BCE0,0040BCB0,,physx_queue_copy,Prior cross-build timing study,STRONG_INFERENCE,engine/overview.md,2026-10-01,Static validation pending.
H0005,0040BC50,0040BC20,,physx_queue_enqueue,Prior cross-build timing study,STRONG_INFERENCE,engine/overview.md,2026-10-01,Static validation pending.
H0006,005577D0,005578A0,,vehicle_wheel_readback,Prior vehicle report; matched role and address pair,STRONG_INFERENCE,engine/overview.md; player/vehicle.md,2026-10-01,Cadence remains unresolved.
H0007,00555B50,00555C20,,CObjectCar_mode8000_shape_interface_update,Independent paired CObjectCar RTTI/constructor/slot+A4 ->event5 ->mode8000 same-this tail; secondary list getters and distant selected D8/DC/E0 output blocks.,VERIFIED,findings/boundaries/vehicle_organizing_root.md,2026-10-03,"Sequence18 corrects prior HYPOTHESIS Steam00555C20/GOG00555C20 same-address assertion (DISPROVEN at entry identity). Steam00555C20 lies inside00555B50. GOG body_bytes129 is disconnected recognized coverage, body_end005575E6; raw fallthrough after returning006C5AD0 must be used. Selected boundary only, not whole CFG/algorithm or middleware API labels. Historical curator/export limits preserved here."
H0008,006C5930,006C5430,,native_ui_selector0_task_factory,Existing paired native-task callback lifecycle finding and current build-separated function inventories correct the imported direction.,STRONG_INFERENCE,findings/boundaries/native_task_callback_lifecycle.md:8-15,2026-10-02,Verify exact direction of Steam/GOG fields. Curator 2026-10-02: imported Steam 006C5430 / GOG 006C5930 direction was reversed; superseded by Steam 006C5930 / GOG 006C5430. No new semantic promotion.
H0009,0062E0E0,0062E030,,CShop_constructor,Matched selector 0x34; allocation size 0x20A8; direct named-vtable writes,VERIFIED,Steam/GOG DP_decompiled.c;selector_object_factory.md,2026-10-01,Paired construction identity; lifecycle and slot map remain open.
H0010,0062E250,0062E1A0,,CHelp_constructor,Matched selector 0x35; allocation size 0x898; direct named-vtable writes,VERIFIED,Steam/GOG DP_decompiled.c;selector_object_factory.md,2026-10-01,Paired construction identity; lifecycle and slot map remain open.
H0011,0062BBB0,0062BB30,,CPassword_constructor,Matched selector 0x36; allocation size 0x178; direct named-vtable writes,VERIFIED,Steam/GOG DP_decompiled.c;selector_object_factory.md,2026-10-01,Paired construction identity; lifecycle and slot map remain open.
H0012,0062BC10,0062BB90,,CChess_constructor,Matched selector 0x37; allocation size 0x198; direct named-vtable writes,VERIFIED,Steam/GOG DP_decompiled.c;selector_object_factory.md,2026-10-01,Paired construction identity; lifecycle and slot map remain open.
H0013,0060EED0,0060EFE0,,CFishing_constructor,Matched selector 0x38; allocation size 0x170; direct named-vtable writes,VERIFIED,Steam/GOG DP_decompiled.c;selector_object_factory.md,2026-10-01,Paired construction identity; virtual slots task lifecycle and render path remain open.
H0014,00620050,0061FB90,,COption_constructor,Matched selector 0x39; allocation size 0x768; direct named-vtable writes,VERIFIED,Steam/GOG DP_decompiled.c;selector_object_factory.md,2026-10-01,Paired construction identity; destructor and slot map remain open.
H0015,00449740,00449770,,CFade_constructor,Matched selector 0x3B; allocation size 0x1D0; direct named-vtable writes,VERIFIED,Steam/GOG DP_decompiled.c;selector_object_factory.md,2026-10-01,Paired construction identity; CFadeManager remains separate and lifecycle/slots remain open.
H0016,005F53D0,005F54D0,,CSignOutMessage_constructor,Matched selector 0x3C; allocation size 0x160; direct named-vtable writes,VERIFIED,Steam/GOG DP_decompiled.c;selector_object_factory.md,2026-10-01,Paired construction identity; lifecycle and slot map remain open.
H0017,0061E280,0061E200,,CMonolog_constructor,Matched selector 0x3D; allocation size 0x5D0; direct named-vtable writes,VERIFIED,Steam/GOG DP_decompiled.c;selector_object_factory.md,2026-10-01,Paired construction identity; larger state-machine lifecycle and slot map remain open.
H0018,006AB260,006AB190,,CTarBomb_constructor,Matched selector 0x3E; allocation size 0x510; direct CTarBomb and embedded CSoundLoop vtable writes,VERIFIED,Steam/GOG DP_decompiled.c;selector_object_factory.md,2026-10-01,Outer CTarBomb identity is paired; embedded CSoundLoop at +0x4D8 remains a separate subobject.
H0019,006A9430,006A9360,,CGeorgeAxe_constructor,Matched selector 0x3F; allocation size 0x538; direct named-vtable writes,VERIFIED,Steam/GOG DP_decompiled.c;selector_object_factory.md,2026-10-01,Paired construction identity; lifecycle and slot map remain open.
H0020,005F5000,005F5100,,CObjectCHookChain_constructor,Matched selector 0x40; allocation size 0x690; direct outer-vtable writes with CSoundLoop subobject at +0x434,VERIFIED,Steam/GOG DP_decompiled.c;selector_object_factory.md,2026-10-01,Outer CObjectCHookChain and embedded CSoundLoop identities remain separate.
H0021,005F5130,005F5230,,CObjectCTackleChain_constructor,Matched selector 0x41; allocation size 0x708; direct outer-vtable writes with CSoundLoop subobject at +0x434,VERIFIED,Steam/GOG DP_decompiled.c;selector_object_factory.md,2026-10-01,Outer CObjectCTackleChain and embedded CSoundLoop identities remain separate.
H0022,005F4F20,005F5020,,CObjectCPhysicsChain_constructor,Matched selector 0x42; allocation size 0x5C8; direct outer-vtable writes with CSoundLoop subobject at +0x434,VERIFIED,Steam/GOG DP_decompiled.c;selector_object_factory.md,2026-10-01,Outer CObjectCPhysicsChain and embedded CSoundLoop identities remain separate.
H0023,00613960,00613A70,,CFishingPerson_constructor,Matched selector 0x43; allocation size 0x858; direct constructor and teardown vtable writes,VERIFIED,findings/boundaries/fishing_primary_owner_update.md;findings/boundaries/selector_object_factory.md;findings/boundaries/cmustachesadmin_cmustache_children.md,2026-10-03,"AcceptedpairedCFishingPerson selector43 construction/type identity reused. Sequence21 normalizescitation only, no confidence change ornewGOG helper/field/callback map. Formerprospective00780354 constantreference mistake wasgovernance-repaired toacceptedSteam007802A4."
H0024,005F4E00,005F4F00,,CThrowLure_constructor,Matched selector 0x44; allocation size 0x4C8; direct constructor and teardown vtable writes,VERIFIED,Steam/GOG DP_decompiled.c;selector_object_factory.md,2026-10-01,Paired fishing-object identity; gameplay role
H0025,005F2A50,005F2B20,,CObjectDoor_constructor,Matched selector 0x47; allocation size 0x4A8; direct named-vtable writes and specialized sibling reuse,VERIFIED,Steam/GOG DP_decompiled.c;selector_object_factory.md,2026-10-01,Base CObjectDoor identity paired; teardown
H0026,005F3260,005F3360,,CObjectFreight_constructor,Matched selector 0x48; allocation size 0x580; direct constructor and teardown vtable writes,VERIFIED,Steam/GOG DP_decompiled.c;selector_object_factory.md,2026-10-01,"Paired object identity; lifecycle, slot map, and ownership remain open."
H0027,005F5570,005F5670,,CObjectShelf_constructor,Matched selector 0x49; allocation size 0x728; direct constructor and teardown vtable writes,VERIFIED,Steam/GOG DP_decompiled.c;selector_object_factory.md,2026-10-01,"Paired object identity; lifecycle, slot map, and ownership remain open."
H0028,005F3340,005F3440,,CObjectLever_constructor,Matched selector 0x4A; allocation size 0x500; direct constructor and teardown vtable writes,VERIFIED,Steam/GOG DP_decompiled.c;selector_object_factory.md,2026-10-01,"Paired object identity; lifecycle, slot map, and ownership remain open."
H0029,005F32F0,005F33F0,,CObjectLight_constructor,Matched selector 0x4B; allocation size 0x4C8; direct constructor and teardown vtable writes,VERIFIED,Steam/GOG DP_decompiled.c;selector_object_factory.md,2026-10-01,"Paired object identity; lifecycle, slot map, and ownership remain open."
H0030,005F3390,005F3490,,CObjectWater_constructor,Matched selector 0x4C; allocation size 0x4D0; direct constructor and teardown vtable writes,VERIFIED,Steam/GOG DP_decompiled.c;selector_object_factory.md,2026-10-01,"Paired object identity; lifecycle, slot map, and ownership remain open."
H0031,005F55C0,005F56C0,,CObjectTreeshaphand_constructor,Matched selector 0x4D; allocation size 0x6B8; direct constructor and teardown vtable writes,VERIFIED,Steam/GOG DP_decompiled.c;selector_object_factory.md,2026-10-01,"Paired object identity; lifecycle, slot map, and ownership remain open."
H0032,005F5610,005F5710,,CObjectTreeshaphand_Museam_constructor,Matched selector 0x4E; allocation size 0x6B0; direct constructor and teardown vtable writes,VERIFIED,Steam/GOG DP_decompiled.c;selector_object_factory.md,2026-10-01,"Paired object identity; lifecycle, slot map, and ownership remain open."
H0033,004B9440,004B9520,,CNpcNormal_constructor,Matched selector 0x02; paired named-vtable writes and allocation sizes 0x0x10f8/0x0x10f8,VERIFIED,Steam/GOG DP_decompiled.c;selector_object_factory.md,2026-10-01,Secondary vtable writers are lifecycle candidates pending review.
H0034,0048D5C0,0048D6A0,,CNpcEnemy_constructor,Matched selector 0x03; paired named-vtable writes and allocation sizes 0x0xe20/0x0xe20,VERIFIED,Steam/GOG DP_decompiled.c;selector_object_factory.md,2026-10-01,Secondary vtable writers are lifecycle candidates pending review.
H0035,004B7720,004B7800,,CNpcMob_constructor,Matched selector 0x04; paired named-vtable writes and allocation sizes 0x0xd48/0x0xd48,VERIFIED,Steam/GOG DP_decompiled.c;selector_object_factory.md,2026-10-01,Secondary vtable writers are lifecycle candidates pending review.
H0036,00484D90,00484EB0,,CNpcAnimal_constructor,Matched selector 0x05; paired named-vtable writes and allocation sizes 0x0xd68/0x0xd68,VERIFIED,Steam/GOG DP_decompiled.c;selector_object_factory.md,2026-10-01,Secondary vtable writers are lifecycle candidates pending review.
H0037,0048A140,0048A220,,CNpcDog_constructor,Matched selector 0x06; paired named-vtable writes and allocation sizes 0x0xd90/0x0xd90,VERIFIED,Steam/GOG DP_decompiled.c;selector_object_factory.md,2026-10-01,Secondary vtable writers are lifecycle candidates pending review.
H0038,00486CC0,00486DE0,,CNpcBird_constructor,Matched selector 0x07; paired named-vtable writes and allocation sizes 0x0xe08/0x0xe08,VERIFIED,Steam/GOG DP_decompiled.c;selector_object_factory.md,2026-10-01,Secondary vtable writers are lifecycle candidates pending review.
H0039,004893F0,004894E0,,CNpcCar_constructor,Matched selector 0x09; paired named-vtable writes and allocation sizes 0x0x2088/0x0x2088,VERIFIED,Steam/GOG DP_decompiled.c;selector_object_factory.md,2026-10-01,Secondary vtable writers are lifecycle candidates pending review.
H0040,004A1940,004A1A20,,CNpcThrow_constructor,Matched selector 0x0A; paired named-vtable writes and allocation sizes 0x0x4c8/0x0x4c8,VERIFIED,Steam/GOG DP_decompiled.c;selector_object_factory.md,2026-10-01,Secondary vtable writers are lifecycle candidates pending review.
H0041,00410890,00410860,,CCharacter_constructor,Matched selector 0x13; paired named-vtable writes and allocation sizes 0x0x618/0x0x618,VERIFIED,Steam/GOG DP_decompiled.c;selector_object_factory.md,2026-10-01,Secondary vtable writers are lifecycle candidates pending review.
H0042,005F2DE0,005F2EB0,,CItem_constructor,Matched selector 0x14; paired named-vtable writes and allocation sizes 0x0x4b8/0x0x4b8,VERIFIED,Steam/GOG DP_decompiled.c;selector_object_factory.md,2026-10-01,Secondary vtable writers are lifecycle candidates pending review.
H0043,005CACB0,005CAD80,,CBell_constructor,Matched selector 0x15; paired named-vtable writes and allocation sizes 0x0x180/0x0x180,VERIFIED,Steam/GOG DP_decompiled.c;selector_object_factory.md,2026-10-01,Secondary vtable writers are lifecycle candidates pending review.
H0044,004E0DF0,004E0EC0,,CShot_constructor,Matched selector 0x17; paired named-vtable writes and allocation sizes 0x0x1a8/0x0x1a8,VERIFIED,Steam/GOG DP_decompiled.c;selector_object_factory.md,2026-10-01,Secondary vtable writers are lifecycle candidates pending review.
H0045,0045FA00,0045FA30,,CRdObjectModelGame_constructor,Matched selector 0x18; paired named-vtable writes and allocation sizes 0x0x420/0x0x420,VERIFIED,Steam/GOG DP_decompiled.c;selector_object_factory.md,2026-10-01,Secondary vtable writers are lifecycle candidates pending review.
H0046,005F4CE0,005F4DB0,,CEffectFootPrint_constructor,Matched selector 0x1C; paired named-vtable writes and allocation sizes 0x0x1b8/0x0x1b8,VERIFIED,Steam/GOG DP_decompiled.c;selector_object_factory.md,2026-10-01,Secondary vtable writers are lifecycle candidates pending review.
H0047,005F4D00,005F4E00,,CEffectSonicWave_constructor,Matched selector 0x1D; paired named-vtable writes and allocation sizes 0x0x160/0x0x160,VERIFIED,Steam/GOG DP_decompiled.c;selector_object_factory.md,2026-10-01,Secondary vtable writers are lifecycle candidates pending review.
H0048,005F4D20,005F4E20,,CEffectTear_constructor,Matched selector 0x1E; paired named-vtable writes and allocation sizes 0x0x4b8/0x0x4b8,VERIFIED,Steam/GOG DP_decompiled.c;selector_object_factory.md,2026-10-01,Secondary vtable writers are lifecycle candidates pending review.
H0049,005F4D70,005F4E70,,CEffectTrail_constructor,Matched selector 0x1F; paired named-vtable writes and allocation sizes 0x0x598/0x0x598,VERIFIED,Steam/GOG DP_decompiled.c;selector_object_factory.md,2026-10-01,Secondary vtable writers are lifecycle candidates pending review.
H0050,005F4D90,005F4E90,,CEffectTireTrace_constructor,Matched selector 0x20; paired named-vtable writes and allocation sizes 0x0xb98/0x0xb98,VERIFIED,Steam/GOG DP_decompiled.c;selector_object_factory.md,2026-10-01,Secondary vtable writers are lifecycle candidates pending review.
H0051,005F5550,005F5650,,CEffectRipple_constructor,Matched selector 0x21; paired named-vtable writes and allocation sizes 0x0x7a0/0x0x7a0,VERIFIED,Steam/GOG DP_decompiled.c;selector_object_factory.md,2026-10-01,Secondary vtable writers are lifecycle candidates pending review.
H0052,005F4DB0,005F4EB0,,CEffectRecover_constructor,Matched selector 0x22; paired named-vtable writes and allocation sizes 0x0x198/0x0x198,VERIFIED,Steam/GOG DP_decompiled.c;selector_object_factory.md,2026-10-01,Secondary vtable writers are lifecycle candidates pending review.
H0053,005F4DE0,005F4EE0,,CEffectBloodMark_constructor,Matched selector 0x23; paired named-vtable writes and allocation sizes 0x0x1c0/0x0x1c0,VERIFIED,Steam/GOG DP_decompiled.c;selector_object_factory.md,2026-10-01,Secondary vtable writers are lifecycle candidates pending review.
H0054,005F3090,005F3160,,CNpcFishingThread_constructor,Matched selector 0x25; paired named-vtable writes and allocation sizes 0x0x180/0x0x180,VERIFIED,Steam/GOG DP_decompiled.c;selector_object_factory.md,2026-10-01,Secondary vtable writers are lifecycle candidates pending review.
H0055,006654E0,00665430,,CEffectFieldLeaf_constructor,Matched selector 0x26; paired named-vtable writes and allocation sizes 0x400/0x400,VERIFIED,Steam/GOG DP_decompiled.c;selector_object_factory.md,2026-10-01,Secondary vtable writers are lifecycle candidates pending review.
H0056,005F2EF0,005F2FC0,,CLight_constructor,Matched selector 0x27; paired named-vtable writes and allocation sizes 0x800/0x800,VERIFIED,Steam/GOG DP_decompiled.c;selector_object_factory.md,2026-10-01,Secondary vtable writers are lifecycle candidates pending review.
H0057,005F3040,005F3110,,CLake_constructor,Matched selector 0x31; paired named-vtable writes and allocation sizes 0x0x3b0/0x0x3b0,VERIFIED,Steam/GOG DP_decompiled.c;selector_object_factory.md,2026-10-01,Secondary vtable writers are lifecycle candidates pending review.
H0058,005F2FF0,005F30C0,,CRiver_constructor,Matched selector 0x32; paired named-vtable writes and allocation sizes 0x0x3c0/0x0x3c0,VERIFIED,Steam/GOG DP_decompiled.c;selector_object_factory.md,2026-10-01,Secondary vtable writers are lifecycle candidates pending review.
H0059,005CA910,005CA9E0,,CHouse_constructor,Matched selector 0x33; paired named-vtable writes and allocation sizes 0x0x2080/0x0x2080,VERIFIED,Steam/GOG DP_decompiled.c;selector_object_factory.md,2026-10-01,Secondary vtable writers are lifecycle candidates pending review.
H0060,005F3430,005F3530,,CObjectPadlock_constructor,Matched selector 0x50; paired named-vtable writes and allocation sizes 0x0x478/0x0x478,VERIFIED,Steam/GOG DP_decompiled.c;selector_object_factory.md,2026-10-01,Secondary vtable writers are lifecycle candidates pending review.
H0061,005F33E0,005F34E0,,CObjectMannequin_constructor,Matched selector 0x51; paired named-vtable writes and allocation sizes 0x0x470/0x0x470,VERIFIED,Steam/GOG DP_decompiled.c;selector_object_factory.md,2026-10-01,Secondary vtable writers are lifecycle candidates pending review.
H0062,005F3FE0,005F40E0,,CObjectHideBox_constructor,Matched selector 0x52; paired named-vtable writes and allocation sizes 0x0x488/0x0x488,VERIFIED,Steam/GOG DP_decompiled.c;selector_object_factory.md,2026-10-01,Secondary vtable writers are lifecycle candidates pending review.
H0063,00541AA0,00541B70,,CObjectCar_constructor,Matched selector 0x53; paired named-vtable writes and allocation sizes 0x0x2008/0x0x2008,VERIFIED,findings/boundaries/vehicle_organizing_root.md;findings/boundaries/selector_object_factory.md,2026-10-03,Secondary vtable writers are lifecycle candidates pending review. Sequence18 reused selector53 construction scope; primary table publication rechecked. No duplicate construction credit or whole actor-lifecycle promotion.
H0064,005F4030,005F4130,,CObjectShaft_constructor,Matched selector 0x54; paired named-vtable writes and allocation sizes 0x0x488/0x0x488,VERIFIED,Steam/GOG DP_decompiled.c;selector_object_factory.md,2026-10-01,Secondary vtable writers are lifecycle candidates pending review.
H0065,00577EC0,00577F90,,CObjectElevator_constructor,Matched selector 0x55; paired named-vtable writes and allocation sizes 0x0x4d8/0x0x4d8,VERIFIED,Steam/GOG DP_decompiled.c;selector_object_factory.md,2026-10-01,Secondary vtable writers are lifecycle candidates pending review.
H0066,005F40B0,005F41B0,,CObjectItembox_constructor,Matched selector 0x56; paired named-vtable writes and allocation sizes 0x0x4c8/0x0x4c8,VERIFIED,Steam/GOG DP_decompiled.c;selector_object_factory.md,2026-10-01,Secondary vtable writers are lifecycle candidates pending review.
H0067,005F4140,005F41F0,,CObjectToolbox_constructor,Matched selector 0x57; paired named-vtable writes and allocation sizes 0x0x4b0/0x0x4b0,VERIFIED,Steam/GOG DP_decompiled.c;selector_object_factory.md,2026-10-01,Secondary vtable writers are lifecycle candidates pending review.
H0068,005F2B00,005F2BD0,,CObjectWristDoor_constructor,Matched selector 0x58; paired named-vtable writes and allocation sizes 0x0x4b0/0x0x4b0,VERIFIED,Steam/GOG DP_decompiled.c;selector_object_factory.md,2026-10-01,Secondary vtable writers are lifecycle candidates pending review.
H0069,005F2B20,005F2BF0,,CObjectHandDoor_constructor,Matched selector 0x59; paired named-vtable writes and allocation sizes 0x0x4b0/0x0x4b0,VERIFIED,Steam/GOG DP_decompiled.c;selector_object_factory.md,2026-10-01,Secondary vtable writers are lifecycle candidates pending review.
H0070,005F30D0,005F31A0,,CObjectItem_constructor,Matched selector 0x5A; paired named-vtable writes and allocation sizes 0x0x500/0x0x500,VERIFIED,Steam/GOG DP_decompiled.c;selector_object_factory.md,2026-10-01,Secondary vtable writers are lifecycle candidates pending review.
H0071,005F34E0,005F35E0,,CObjectMark_constructor,Matched selector 0x5B; paired named-vtable writes and allocation sizes 0x0x460/0x0x460,VERIFIED,Steam/GOG DP_decompiled.c;selector_object_factory.md,2026-10-01,Secondary vtable writers are lifecycle candidates pending review.
H0072,005F3580,005F3680,,CObjectSignal_constructor,Matched selector 0x5C; paired named-vtable writes and allocation sizes 0x0x500/0x0x500,VERIFIED,Steam/GOG DP_decompiled.c;selector_object_factory.md,2026-10-01,Secondary vtable writers are lifecycle candidates pending review.
H0073,005F3530,005F3630,,CObjectClock_constructor,Matched selector 0x5D; paired named-vtable writes and allocation sizes 0x0x498/0x0x498,VERIFIED,Steam/GOG DP_decompiled.c;selector_object_factory.md,2026-10-01,Secondary vtable writers are lifecycle candidates pending review.
H0074,005F36D0,005F37D0,,CObjectFan_constructor,Matched selector 0x5E; paired named-vtable writes and allocation sizes 0x0x468/0x0x468,VERIFIED,Steam/GOG DP_decompiled.c;selector_object_factory.md,2026-10-01,Secondary vtable writers are lifecycle candidates pending review.
H0075,005F2B40,005F2C10,,CObjectBrokenDoor_constructor,Matched selector 0x5F; paired named-vtable writes and allocation sizes 0x0x4d8/0x0x4d8,VERIFIED,Steam/GOG DP_decompiled.c;selector_object_factory.md,2026-10-01,Secondary vtable writers are lifecycle candidates pending review.
H0076,005F4320,005F4420,,CObjectGear_constructor,Matched selector 0x60; paired named-vtable writes and allocation sizes 0x0x468/0x0x468,VERIFIED,Steam/GOG DP_decompiled.c;selector_object_factory.md,2026-10-01,Secondary vtable writers are lifecycle candidates pending review.
H0077,005F3480,005F3580,,CObjectSplinter_constructor,Matched selector 0x61; paired named-vtable writes and allocation sizes 0x0x4a0/0x0x4a0,VERIFIED,Steam/GOG DP_decompiled.c;selector_object_factory.md,2026-10-01,Secondary vtable writers are lifecycle candidates pending review.
H0078,005F4380,005F4480,,CObjectTarget_constructor,Matched selector 0x62; paired named-vtable writes and allocation sizes 0x0x4b0/0x0x4b0,VERIFIED,Steam/GOG DP_decompiled.c;selector_object_factory.md,2026-10-01,Secondary vtable writers are lifecycle candidates pending review.
H0079,005F4420,005F4520,,CObjectPhone_constructor,Matched selector 0x63; paired named-vtable writes and allocation sizes 0x0x458/0x0x458,VERIFIED,Steam/GOG DP_decompiled.c;selector_object_factory.md,2026-10-01,Secondary vtable writers are lifecycle candidates pending review.
H0080,005F3720,005F3820,,CObjectPutGrass_Far_constructor,Matched selector 0x64; paired named-vtable writes and allocation sizes 0x0x468/0x0x468,VERIFIED,Steam/GOG DP_decompiled.c;selector_object_factory.md,2026-10-01,Secondary vtable writers are lifecycle candidates pending review.
H0081,005F37C0,005F38C0,,CObjectPutGrass_Usual_constructor,Matched selector 0x65; paired named-vtable writes and allocation sizes 0x0x458/0x0x458,VERIFIED,Steam/GOG DP_decompiled.c;selector_object_factory.md,2026-10-01,Secondary vtable writers are lifecycle candidates pending review.
H0082,005F3770,005F3870,,CObjectPutGrass_Near_constructor,Matched selector 0x66; paired named-vtable writes and allocation sizes 0x0x468/0x0x468,VERIFIED,Steam/GOG DP_decompiled.c;selector_object_factory.md,2026-10-01,Secondary vtable writers are lifecycle candidates pending review.
H0083,005F4470,005F4570,,CObjectBlood_constructor,Matched selector 0x67; paired named-vtable writes and allocation sizes 0x0x460/0x0x460,VERIFIED,Steam/GOG DP_decompiled.c;selector_object_factory.md,2026-10-01,Secondary vtable writers are lifecycle candidates pending review.
H0084,005F2C90,005F2D60,,CObjectHarryGate_constructor,Matched selector 0x68; paired named-vtable writes and allocation sizes 0x0x470/0x0x470,VERIFIED,Steam/GOG DP_decompiled.c;selector_object_factory.md,2026-10-01,Secondary vtable writers are lifecycle candidates pending review.
H0085,005F44C0,005F45C0,,CObjectWirenet_constructor,Matched selector 0x69; paired named-vtable writes and allocation sizes 0x0x490/0x0x490,VERIFIED,Steam/GOG DP_decompiled.c;selector_object_factory.md,2026-10-01,Secondary vtable writers are lifecycle candidates pending review.
H0086,005F45D0,005F46D0,,CObjectBrokenTV_constructor,Matched selector 0x6A; paired named-vtable writes and allocation sizes 0x0x458/0x0x458,VERIFIED,Steam/GOG DP_decompiled.c;selector_object_factory.md,2026-10-01,Secondary vtable writers are lifecycle candidates pending review.
H0087,005F46C0,005F47C0,,CObjectCoffee_constructor,Matched selector 0x6B; paired named-vtable writes and allocation sizes 0x0x518/0x0x518,VERIFIED,Steam/GOG DP_decompiled.c;selector_object_factory.md,2026-10-01,Secondary vtable writers are lifecycle candidates pending review.
H0088,005F2BB0,005F2C80,,CObjectSlideDoor_constructor,Matched selector 0x6C; paired named-vtable writes and allocation sizes 0x0x4c0/0x0x4c0,VERIFIED,Steam/GOG DP_decompiled.c;selector_object_factory.md,2026-10-01,Secondary vtable writers are lifecycle candidates pending review.
H0089,005F4730,005F4800,,CObjectShutter_constructor,Matched selector 0x6D; paired named-vtable writes and allocation sizes 0x0x468/0x0x468,VERIFIED,Steam/GOG DP_decompiled.c;selector_object_factory.md,2026-10-01,Secondary vtable writers are lifecycle candidates pending review.
H0090,005F4170,005F4270,,CObjectSuitcase_constructor,Matched selector 0x6E; paired named-vtable writes and allocation sizes 0x0x4b0/0x0x4b0,VERIFIED,Steam/GOG DP_decompiled.c;selector_object_factory.md,2026-10-01,Secondary vtable writers are lifecycle candidates pending review.
H0091,005F41A0,005F42A0,,CObjectAutoslide_constructor,Matched selector 0x6F; paired named-vtable writes and allocation sizes 0x0x4a8/0x0x4a8,VERIFIED,Steam/GOG DP_decompiled.c;selector_object_factory.md,2026-10-01,Secondary vtable writers are lifecycle candidates pending review.
H0092,005F35D0,005F36D0,,CObjectTelegraphPole_constructor,Matched selector 0x70; paired named-vtable writes and allocation sizes 0x0x5c8/0x0x5c8,VERIFIED,Steam/GOG DP_decompiled.c;selector_object_factory.md,2026-10-01,Secondary vtable writers are lifecycle candidates pending review.
H0093,005F53F0,005F54F0,,CObjectDogHead_constructor,Matched selector 0x71; paired named-vtable writes and allocation sizes 0x0x458/0x0x458,VERIFIED,Steam/GOG DP_decompiled.c;selector_object_factory.md,2026-10-01,Secondary vtable writers are lifecycle candidates pending review.
H0094,005F5410,005F5510,,CObjectEmCloth_constructor,Matched selector 0x72; paired named-vtable writes and allocation sizes 0x0x460/0x0x460,VERIFIED,Steam/GOG DP_decompiled.c;selector_object_factory.md,2026-10-01,Secondary vtable writers are lifecycle candidates pending review.
H0095,005F3860,005F3960,,CObjectMsPicture_constructor,Matched selector 0x73; paired named-vtable writes and allocation sizes 0x0x4d0/0x0x4d0,VERIFIED,Steam/GOG DP_decompiled.c;selector_object_factory.md,2026-10-01,Secondary vtable writers are lifecycle candidates pending review.
H0096,005F38B0,005F39B0,,CObjectMsRedPicture_constructor,Matched selector 0x74; paired named-vtable writes and allocation sizes 0x0x4d0/0x0x4d0,VERIFIED,Steam/GOG DP_decompiled.c;selector_object_factory.md,2026-10-01,Secondary vtable writers are lifecycle candidates pending review.
H0097,00579F60,0057A030,,CObjectExclusive_constructor,Matched selector 0x75; paired named-vtable writes and allocation sizes 0x0x4b0/0x0x4b0,VERIFIED,Steam/GOG DP_decompiled.c;selector_object_factory.md,2026-10-01,Secondary vtable writers are lifecycle candidates pending review.
H0098,005F3210,005F3310,,CObjectItemEffect_constructor,Matched selector 0x76; paired named-vtable writes and allocation sizes 0x0x460/0x0x460,VERIFIED,Steam/GOG DP_decompiled.c;selector_object_factory.md,2026-10-01,Secondary vtable writers are lifecycle candidates pending review.
H0099,005F2C20,005F2CF0,,CObjectPushDoor_constructor,Matched selector 0x77; paired named-vtable writes and allocation sizes 0x0x4b0/0x0x4b0,VERIFIED,Steam/GOG DP_decompiled.c;selector_object_factory.md,2026-10-01,Secondary vtable writers are lifecycle candidates pending review.
H0100,005F3D80,005F3E80,,CObjectFieldPhysics_Type3_constructor,Matched selector 0x79; paired named-vtable writes and allocation sizes 0x0x460/0x0x460,VERIFIED,Steam/GOG DP_decompiled.c;selector_object_factory.md,2026-10-01,Secondary vtable writers are lifecycle candidates pending review.
H0101,005F2D00,005F2DD0,,CObjectIvyLock_constructor,Matched selector 0x7A; paired named-vtable writes and allocation sizes 0x0x4b8/0x0x4b8,VERIFIED,Steam/GOG DP_decompiled.c;selector_object_factory.md,2026-10-01,Secondary vtable writers are lifecycle candidates pending review.
H0102,005F5430,005F5530,,CObjectChain_constructor,Matched selector 0x7B; paired named-vtable writes and allocation sizes 0x0x4a8/0x0x4a8,VERIFIED,Steam/GOG DP_decompiled.c;selector_object_factory.md,2026-10-01,Secondary vtable writers are lifecycle candidates pending review.
H0103,005F3900,005F3A00,,CObjectBronzeStatue_constructor,Matched selector 0x7C; paired named-vtable writes and allocation sizes 0x0x548/0x0x548,VERIFIED,Steam/GOG DP_decompiled.c;selector_object_factory.md,2026-10-01,Secondary vtable writers are lifecycle candidates pending review.
H0104,005F5450,005F5550,,CObjectPotato_constructor,Matched selector 0x7D; paired named-vtable writes and allocation sizes 0x0x458/0x0x458,VERIFIED,Steam/GOG DP_decompiled.c;selector_object_factory.md,2026-10-01,Secondary vtable writers are lifecycle candidates pending review.
H0105,005F39A0,005F3AA0,,CObjectPushWardrobe_constructor,Matched selector 0x7E; paired named-vtable writes and allocation sizes 0x0x500/0x0x500,VERIFIED,Steam/GOG DP_decompiled.c;selector_object_factory.md,2026-10-01,Secondary vtable writers are lifecycle candidates pending review.
H0106,005F39F0,005F3AF0,,CObjectWoodenbox_constructor,Matched selector 0x7F; paired named-vtable writes and allocation sizes 0x0x4b8/0x0x4b8,VERIFIED,Steam/GOG DP_decompiled.c;selector_object_factory.md,2026-10-01,Secondary vtable writers are lifecycle candidates pending review.
H0107,005F47E0,005F48B0,,CObjectOldTree_constructor,Matched selector 0x80; paired named-vtable writes and allocation sizes 0x0x460/0x0x460,VERIFIED,Steam/GOG DP_decompiled.c;selector_object_factory.md,2026-10-01,Secondary vtable writers are lifecycle candidates pending review.
H0108,005F4830,005F4900,,CObjectCrowsNest_constructor,Matched selector 0x81; paired named-vtable writes and allocation sizes 0x0x4c8/0x0x4c8,VERIFIED,Steam/GOG DP_decompiled.c;selector_object_factory.md,2026-10-01,Secondary vtable writers are lifecycle candidates pending review.
H0109,005F3A40,005F3B40,,CObjectBrianStoneConstruction_constructor,Matched selector 0x82; paired named-vtable writes and allocation sizes 0x0x528/0x0x528,VERIFIED,Steam/GOG DP_decompiled.c;selector_object_factory.md,2026-10-01,Secondary vtable writers are lifecycle candidates pending review.
H0110,005F3A90,005F3B90,,CObjectMuDeadTree_constructor,Matched selector 0x83; paired named-vtable writes and allocation sizes 0x0x4b8/0x0x4b8,VERIFIED,Steam/GOG DP_decompiled.c;selector_object_factory.md,2026-10-01,Secondary vtable writers are lifecycle candidates pending review.
H0111,005AE480,005AE550,,CObjectStretcher_constructor,Matched selector 0x84; paired named-vtable writes and allocation sizes 0x0x4d0/0x0x4d0,VERIFIED,Steam/GOG DP_decompiled.c;selector_object_factory.md,2026-10-01,Secondary vtable writers are lifecycle candidates pending review.
H0112,005F5470,005F5570,,CObjectGlass_constructor,Matched selector 0x85; paired named-vtable writes and allocation sizes 0x0x460/0x0x460,VERIFIED,Steam/GOG DP_decompiled.c;selector_object_factory.md,2026-10-01,Secondary vtable writers are lifecycle candidates pending review.
H0113,005F4270,005F4370,,CObjectMRI_constructor,Matched selector 0x86; paired named-vtable writes and allocation sizes 0x0x460/0x0x460,VERIFIED,Steam/GOG DP_decompiled.c;selector_object_factory.md,2026-10-01,Secondary vtable writers are lifecycle candidates pending review.
H0114,005F2C40,005F2D10,,CObjectWesternDoor_constructor,Matched selector 0x87; paired named-vtable writes and allocation sizes 0x0x478/0x0x478,VERIFIED,Steam/GOG DP_decompiled.c;selector_object_factory.md,2026-10-01,Secondary vtable writers are lifecycle candidates pending review.
H0115,005F3AE0,005F3BE0,,CObjectToruso_constructor,Matched selector 0x88; paired named-vtable writes and allocation sizes 0x0x4b8/0x0x4b8,VERIFIED,Steam/GOG DP_decompiled.c;selector_object_factory.md,2026-10-01,Secondary vtable writers are lifecycle candidates pending review.
H0116,005F3B30,005F3C30,,CObjectChest_constructor,Matched selector 0x89; paired named-vtable writes and allocation sizes 0x0x500/0x0x500,VERIFIED,Steam/GOG DP_decompiled.c;selector_object_factory.md,2026-10-01,Secondary vtable writers are lifecycle candidates pending review.
H0117,005F5490,005F5590,,CObjectRedStandLamp_constructor,Matched selector 0x8A; paired named-vtable writes and allocation sizes 0x0x458/0x0x458,VERIFIED,Steam/GOG DP_decompiled.c;selector_object_factory.md,2026-10-01,Secondary vtable writers are lifecycle candidates pending review.
H0118,005B05A0,005B0670,,CObjectSurveilCamera_constructor,Matched selector 0x8B; paired named-vtable writes and allocation sizes 0x0x470/0x0x470,VERIFIED,Steam/GOG DP_decompiled.c;selector_object_factory.md,2026-10-01,Secondary vtable writers are lifecycle candidates pending review.
H0119,00595BD0,00595CA0,,CObjectJukebox_constructor,Matched selector 0x8C; paired named-vtable writes and allocation sizes 0x0x478/0x0x478,VERIFIED,Steam/GOG DP_decompiled.c;selector_object_factory.md,2026-10-01,Secondary vtable writers are lifecycle candidates pending review.
H0120,005F4960,005F4A30,,CObjectShockWave_constructor,Matched selector 0x8D; paired named-vtable writes and allocation sizes 0x0x488/0x0x488,VERIFIED,Steam/GOG DP_decompiled.c;selector_object_factory.md,2026-10-01,Secondary vtable writers are lifecycle candidates pending review.
H0121,005F49B0,005F4A80,,CObjectShockWaveBody_constructor,Matched selector 0x8E; paired named-vtable writes and allocation sizes 0x0x470/0x0x470,VERIFIED,Steam/GOG DP_decompiled.c;selector_object_factory.md,2026-10-01,Secondary vtable writers are lifecycle candidates pending review.
H0122,005F4530,005F4630,,CObjectTVScreen_constructor,Matched selector 0x8F; paired named-vtable writes and allocation sizes 0x0x488/0x0x488,VERIFIED,Steam/GOG DP_decompiled.c;selector_object_factory.md,2026-10-01,Secondary vtable writers are lifecycle candidates pending review.
H0123,005F3B80,005F3C80,,CObjectValve_constructor,Matched selector 0x90; paired named-vtable writes and allocation sizes 0x0x4c8/0x0x4c8,VERIFIED,Steam/GOG DP_decompiled.c;selector_object_factory.md,2026-10-01,Secondary vtable writers are lifecycle candidates pending review.
H0124,005F3810,005F3910,,CObjectShakingGrass_constructor,Matched selector 0x91; paired named-vtable writes and allocation sizes 0x0x488/0x0x488,VERIFIED,Steam/GOG DP_decompiled.c;selector_object_factory.md,2026-10-01,Secondary vtable writers are lifecycle candidates pending review.
H0125,005F54B0,005F55B0,,CObjectFallHand_constructor,Matched selector 0x92; paired named-vtable writes and allocation sizes 0x0x4a8/0x0x4a8,VERIFIED,Steam/GOG DP_decompiled.c;selector_object_factory.md,2026-10-01,Secondary vtable writers are lifecycle candidates pending review.
H0126,005F54D0,005F55D0,,CObjectManTarget_constructor,Matched selector 0x93; paired named-vtable writes and allocation sizes 0x0x4f8/0x0x4f8,VERIFIED,Steam/GOG DP_decompiled.c;selector_object_factory.md,2026-10-01,Secondary vtable writers are lifecycle candidates pending review.
H0127,005F54F0,005F55F0,,CObjectDestructGate_constructor,Matched selector 0x94; paired named-vtable writes and allocation sizes 0x0x4b8/0x0x4b8,VERIFIED,Steam/GOG DP_decompiled.c;selector_object_factory.md,2026-10-01,Secondary vtable writers are lifecycle candidates pending review.
H0128,005AB570,005AB640,,CObjectShopSign_constructor,Matched selector 0x95; paired named-vtable writes and allocation sizes 0x0x460/0x0x460,VERIFIED,Steam/GOG DP_decompiled.c;selector_object_factory.md,2026-10-01,Secondary vtable writers are lifecycle candidates pending review.
H0129,005F3BA0,005F3CA0,,CObjectWinebox_constructor,Matched selector 0x96; paired named-vtable writes and allocation sizes 0x0x728/0x0x728,VERIFIED,Steam/GOG DP_decompiled.c;selector_object_factory.md,2026-10-01,Secondary vtable writers are lifecycle candidates pending review.
H0130,005AB470,005AB540,,CObjectShopNeon_constructor,Matched selector 0x97; paired named-vtable writes and allocation sizes 0x0x468/0x0x468,VERIFIED,Steam/GOG DP_decompiled.c;selector_object_factory.md,2026-10-01,Secondary vtable writers are lifecycle candidates pending review.
H0131,005A3DE0,005A3EB0,,CObjectPianoHarry_constructor,Matched selector 0x98; paired named-vtable writes and allocation sizes 0x0x460/0x0x460,VERIFIED,Steam/GOG DP_decompiled.c;selector_object_factory.md,2026-10-01,Secondary vtable writers are lifecycle candidates pending review.
H0132,005F4B30,005F4C00,,CObjectBloodstain_constructor,Matched selector 0x99; paired named-vtable writes and allocation sizes 0x0x460/0x0x460,VERIFIED,Steam/GOG DP_decompiled.c;selector_object_factory.md,2026-10-01,Secondary vtable writers are lifecycle candidates pending review.
H0133,00589F20,00589FF0,,CObjectHut_constructor,Matched selector 0x9A; paired named-vtable writes and allocation sizes 0x0x468/0x0x468,VERIFIED,Steam/GOG DP_decompiled.c;selector_object_factory.md,2026-10-01,Secondary vtable writers are lifecycle candidates pending review.
H0134,005F4790,005F4860,,CObjectGarage_constructor,Matched selector 0x9B; paired named-vtable writes and allocation sizes 0x0x460/0x0x460,VERIFIED,Steam/GOG DP_decompiled.c;selector_object_factory.md,2026-10-01,Secondary vtable writers are lifecycle candidates pending review.
H0135,005BD760,005BD830,,CObjectVendor_constructor,Matched selector 0x9C; paired named-vtable writes and allocation sizes 0x0x458/0x0x458,VERIFIED,Steam/GOG DP_decompiled.c;selector_object_factory.md,2026-10-01,Secondary vtable writers are lifecycle candidates pending review.
H0136,0056A8D0,0056A9A0,,CObjectDeerHead_constructor,Matched selector 0x9D; paired named-vtable writes and allocation sizes 0x0x460/0x0x460,VERIFIED,Steam/GOG DP_decompiled.c;selector_object_factory.md,2026-10-01,Secondary vtable writers are lifecycle candidates pending review.
H0137,0056A900,0056A9D0,,CObjectDeerLock_constructor,Matched selector 0x9E; paired named-vtable writes and allocation sizes 0x0x490/0x0x490,VERIFIED,Steam/GOG DP_decompiled.c;selector_object_factory.md,2026-10-01,Secondary vtable writers are lifecycle candidates pending review.
H0138,005F4A00,005F4AD0,,CObjectSpecies_constructor,Matched selector 0x9F; paired named-vtable writes and allocation sizes 0x0x460/0x0x460,VERIFIED,Steam/GOG DP_decompiled.c;selector_object_factory.md,2026-10-01,Secondary vtable writers are lifecycle candidates pending review.
H0139,005F4A50,005F4B20,,CObjectDarts_constructor,Matched selector 0xA0; paired named-vtable writes and allocation sizes 0x0x4f0/0x0x4f0,VERIFIED,Steam/GOG DP_decompiled.c;selector_object_factory.md,2026-10-01,Secondary vtable writers are lifecycle candidates pending review.
H0140,005F4AD0,005F4BA0,,CObjectDartsMachine_constructor,Matched selector 0xA1; paired named-vtable writes and allocation sizes 0x0x480/0x0x480,VERIFIED,Steam/GOG DP_decompiled.c;selector_object_factory.md,2026-10-01,Secondary vtable writers are lifecycle candidates pending review.
H0141,005F3BF0,005F3CF0,,CObjectTelescope_constructor,Matched selector 0xA2; paired named-vtable writes and allocation sizes 0x0x4f8/0x0x4f8,VERIFIED,Steam/GOG DP_decompiled.c;selector_object_factory.md,2026-10-01,Secondary vtable writers are lifecycle candidates pending review.
H0142,005F3C40,005F3D40,,CObjectParkingMob_constructor,Matched selector 0xA3; paired named-vtable writes and allocation sizes 0x0x488/0x0x488,VERIFIED,Steam/GOG DP_decompiled.c;selector_object_factory.md,2026-10-01,Secondary vtable writers are lifecycle candidates pending review.
H0143,005F4BE0,005F4CB0,,CObjectFountain_constructor,Matched selector 0xA4; paired named-vtable writes and allocation sizes 0x0x458/0x0x458,VERIFIED,Steam/GOG DP_decompiled.c;selector_object_factory.md,2026-10-01,Secondary vtable writers are lifecycle candidates pending review.
H0144,005F4C30,005F4D00,,CObjectWell_constructor,Matched selector 0xA5; paired named-vtable writes and allocation sizes 0x0x498/0x0x498,VERIFIED,Steam/GOG DP_decompiled.c;selector_object_factory.md,2026-10-01,Secondary vtable writers are lifecycle candidates pending review.
H0145,005F4B80,005F4C50,,CObjectWeed_constructor,Matched selector 0xA6; paired named-vtable writes and allocation sizes 0x0x480/0x0x480,VERIFIED,Steam/GOG DP_decompiled.c;selector_object_factory.md,2026-10-01,Secondary vtable writers are lifecycle candidates pending review.
H0146,005F3C90,005F3D90,,CObjectNoNameFlawer_constructor,Matched selector 0xA7; paired named-vtable writes and allocation sizes 0x0x460/0x0x460,VERIFIED,Steam/GOG DP_decompiled.c;selector_object_factory.md,2026-10-01,Secondary vtable writers are lifecycle candidates pending review.
H0147,005F3CE0,005F3DE0,,CObjectFieldPhysics_Type1_constructor,Matched selector 0xA8; paired named-vtable writes and allocation sizes 0x0x4d0/0x0x4d0,VERIFIED,Steam/GOG DP_decompiled.c;selector_object_factory.md,2026-10-01,Secondary vtable writers are lifecycle candidates pending review.
H0148,005F3D30,005F3E30,,CObjectFieldPhysics_Type2_constructor,Matched selector 0xA9; paired named-vtable writes and allocation sizes 0x0x4a0/0x0x4a0,VERIFIED,Steam/GOG DP_decompiled.c;selector_object_factory.md,2026-10-01,Secondary vtable writers are lifecycle candidates pending review.
H0149,005F3E40,005F3F40,,CObjectFieldPhysics_Type4_constructor,Matched selector 0xAB; paired named-vtable writes and allocation sizes 0x0x4b8/0x0x4b8,VERIFIED,Steam/GOG DP_decompiled.c;selector_object_factory.md,2026-10-01,Secondary vtable writers are lifecycle candidates pending review.
H0150,005F2D80,005F2E50,,CObjectDonotCross_constructor,Matched selector 0xAC; paired named-vtable writes and allocation sizes 0x0x470/0x0x470,VERIFIED,Steam/GOG DP_decompiled.c;selector_object_factory.md,2026-10-01,Secondary vtable writers are lifecycle candidates pending review.
H0151,005F2E30,005F2F00,,CMissile_constructor,Matched selector 0xAD; paired named-vtable writes and allocation sizes 0x0x468/0x0x468,VERIFIED,Steam/GOG DP_decompiled.c;selector_object_factory.md,2026-10-01,Secondary vtable writers are lifecycle candidates pending review.
H0152,005F2EA0,005F2F70,,CCartridgecase_constructor,Matched selector 0xAE; paired named-vtable writes and allocation sizes 0x0x460/0x0x460,VERIFIED,Steam/GOG DP_decompiled.c;selector_object_factory.md,2026-10-01,Secondary vtable writers are lifecycle candidates pending review.
H0153,005F4620,005F4720,,CObjectHarryMonitor_constructor,Matched selector 0xAF; paired named-vtable writes and allocation sizes 0x0x4b0/0x0x4b0,VERIFIED,Steam/GOG DP_decompiled.c;selector_object_factory.md,2026-10-01,Secondary vtable writers are lifecycle candidates pending review.
H0154,005F3EE0,005F3FE0,,CObjectDetails_constructor,Matched selector 0xB0; paired named-vtable writes and allocation sizes 0x0x500/0x0x500,VERIFIED,Steam/GOG DP_decompiled.c;selector_object_factory.md,2026-10-01,Secondary vtable writers are lifecycle candidates pending review.
H0155,005F32B0,005F33B0,,CObjectConcreateBlockType1_constructor,Matched selector 0xB1; paired named-vtable writes and allocation sizes 0x0x6d0/0x0x6d0,VERIFIED,Steam/GOG DP_decompiled.c;selector_object_factory.md,2026-10-01,Secondary vtable writers are lifecycle candidates pending review.
H0156,005F32D0,005F33D0,,CObjectConcreateBlockType2_constructor,Matched selector 0xB2; paired named-vtable writes and allocation sizes 0x0x6e0/0x0x6e0,VERIFIED,Steam/GOG DP_decompiled.c;selector_object_factory.md,2026-10-01,Secondary vtable writers are lifecycle candidates pending review.
H0157,005F3E90,005F3F90,,CObjectFieldPhysics_BasketBall_constructor,Matched selector 0xB3; paired named-vtable writes and allocation sizes 0x0x488/0x0x488,VERIFIED,Steam/GOG DP_decompiled.c;selector_object_factory.md,2026-10-01,Secondary vtable writers are lifecycle candidates pending review.
H0158,005F3DF0,005F3EF0,,CObjectFieldPhysics_Drum_constructor,Matched selector 0xB4; paired named-vtable writes and allocation sizes 0x0x578/0x0x578,VERIFIED,Steam/GOG DP_decompiled.c;selector_object_factory.md,2026-10-01,Secondary vtable writers are lifecycle candidates pending review.
H0159,005F3F30,005F4030,,CObjectCloth_constructor,Matched selector 0xB5; paired named-vtable writes and allocation sizes 0x0x488/0x0x488,VERIFIED,Steam/GOG DP_decompiled.c;selector_object_factory.md,2026-10-01,Secondary vtable writers are lifecycle candidates pending review.
H0160,0059AED0,0059AFA0,,CObjectMotionAction_constructor,Matched selector 0xB6; paired named-vtable writes and allocation sizes 0x0x488/0x0x488,VERIFIED,Steam/GOG DP_decompiled.c;selector_object_factory.md,2026-10-01,Secondary vtable writers are lifecycle candidates pending review.
H0161,005F3F80,005F4080,,CObjectMergeTree_constructor,Matched selector 0xB7; paired named-vtable writes and allocation sizes 0x0x460/0x0x460,VERIFIED,Steam/GOG DP_decompiled.c;selector_object_factory.md,2026-10-01,Secondary vtable writers are lifecycle candidates pending review.
H0162,0058AAE0,0058ABB0,,CObjectIntercept_constructor,Matched selector 0xB8; paired named-vtable writes and allocation sizes 0x0x468/0x0x468,VERIFIED,Steam/GOG DP_decompiled.c;selector_object_factory.md,2026-10-01,Secondary vtable writers are lifecycle candidates pending review.
H0163,005F2E80,005F2F50,,CSignalcartridge_constructor,Matched selector 0xB9; paired named-vtable writes and allocation sizes 0x0x1b8/0x0x1b8,VERIFIED,Steam/GOG DP_decompiled.c;selector_object_factory.md,2026-10-01,Secondary vtable writers are lifecycle candidates pending review.
H0164,005CA9F0,005CAAC0,,CLumbermill_constructor,Matched selector 0xBA; paired named-vtable writes and allocation sizes 0x0xe70/0x0xe70,VERIFIED,Steam/GOG DP_decompiled.c;selector_object_factory.md,2026-10-01,Secondary vtable writers are lifecycle candidates pending review.
H0165,005F28B0,005F2980,,CObjectObserve_constructor,Matched selector 0xBB; paired named-vtable writes and allocation sizes 0x0x458/0x0x458,VERIFIED,Steam/GOG DP_decompiled.c;selector_object_factory.md,2026-10-01,Secondary vtable writers are lifecycle candidates pending review.
H0166,005F42D0,005F43D0,,CObjectConceal_constructor,Matched selector 0xBC; paired named-vtable writes and allocation sizes 0x0x460/0x0x460,VERIFIED,Steam/GOG DP_decompiled.c;selector_object_factory.md,2026-10-01,Secondary vtable writers are lifecycle candidates pending review.
H0167,005F5510,005F5610,,CObjectMaterialOnFloor_constructor,Matched selector 0xBD; paired named-vtable writes and allocation sizes 0x0x458/0x0x458,VERIFIED,Steam/GOG DP_decompiled.c;selector_object_factory.md,2026-10-01,Secondary vtable writers are lifecycle candidates pending review.
H0168,005F4670,005F4770,,CObjectMoniter_constructor,Matched selector 0xBE; paired named-vtable writes and allocation sizes 0x0x458/0x0x458,VERIFIED,Steam/GOG DP_decompiled.c;selector_object_factory.md,2026-10-01,Secondary vtable writers are lifecycle candidates pending review.
H0169,0052DF70,0052E040,,CPlayer_constructor,Matched selector 0x01; allocation 0xD50; outer and embedded vtable offsets agree,VERIFIED,Steam/GOG DP_decompiled.c;selector_object_factory.md,2026-10-01,Embedded CMustachesAdmin offset +0x80C is structurally matched.
H0170,005F2930,005F2A00,,CNpcKiller_constructor,Matched selector 0x08; allocation 0x1370; outer and embedded vtable offsets agree,VERIFIED,Steam/GOG DP_decompiled.c;selector_object_factory.md,2026-10-01,Embedded CNpcRecord offset +0xD28 is structurally matched.
H0171,006C7AF0,006C75F0,,CRdHandleUtil_constructor,Paired named CRdHandleUtil vtable writes and identical static storage initialization,VERIFIED,Steam/GOG DP_decompiled.c;DP_full.asm;symbols.csv,2026-10-01,Constructs global 01481358.
H0172,00406F70,00406F30,,active_object_manager_singleton_acquire,Exact paired allocation/cache/startup pointer flow plus raw singleton/base RTTI and constructor anchors,VERIFIED,findings/boundaries/crdscenedraw_active_manager_interface.md,2026-10-02,"Exact manager class name remains unknown. Governance 2026-10-02: normalized citations to existing primary-backed root findings; no new paired body discovery or confidence promotion. Reuse only documented call/root/initialization scope, not complete normalized CFG equivalence. Sequence 8 primary identity review supersedes exact-name UNKNOWN and promotes mechanical acquisition match only; complete CFG equivalence still unproven."
H0173,006D1610,006D11E0,,active_object_manager_initialize,Paired startup-adjacent methods and matching object offsets,STRONG_INFERENCE,findings/boundaries/object_handle_lifecycle.md,2026-10-02,"Initialized object is rooted at 00BD7670. Governance 2026-10-02: normalized citations to existing primary-backed root findings; no new paired body discovery or confidence promotion. Reuse only documented call/root/initialization scope, not complete normalized CFG equivalence."
H0174,006D2880,006D2450,,active_object_manager_shutdown_cleanup,Paired shutdown methods and matched embedded-member cleanup offsets,STRONG_INFERENCE,findings/boundaries/crdscenedraw_active_manager_interface.md,2026-10-02,Paired root-loaded application cleanup and app-root clear are established; exact CRdSceneDraw identity now primary-backed. This is not full destructor or allocation free; former destroy wording superseded. Original scoped STRONG_INFERENCE retained.
H0175,006C5AE0,006C55E0,,active_object_register_and_assign_handle,"Matched list registration, direct CRdHandleUtil allocation call, and object +0x3C handle store",VERIFIED,Steam/GOG DP_decompiled.c;DP_full.asm,2026-10-01,CPlayer has a direct observed caller path.
H0176,006C7070,006C6B70,,active_object_retire_and_release_handle,"Matched list removal, virtual slot +8 call, and direct CRdHandleUtil release call",VERIFIED,Steam/GOG DP_decompiled.c;DP_full.asm,2026-10-01,Frame scheduler calls it on the active-object manager root.
H0177,006C7650,006C7150,,CRdHandleUtil_allocate,"Matched slot/generation scan, cursor update, and packed return value",VERIFIED,Steam/GOG DP_decompiled.c;DP_full.asm,2026-10-01,Uses 0xA00 pointer slots and 0x7FFF generation flags.
H0178,006C7810,006C7310,,CRdHandleUtil_release,Matched object +0x3C getter and slot/generation clear operations,VERIFIED,Steam/GOG DP_decompiled.c;DP_full.asm,2026-10-01,Called during active-object retirement.
H0179,006C7B80,006C7680,,CRdHandleUtil_static_destructor,Matched at-exit destructor paths and named-vtable rewrites,VERIFIED,Steam/GOG DP_decompiled.c;DP_full.asm;symbols.csv,2026-10-01,"Static storage, not a heap free."
H0180,00489050,00489170,,object_packed_handle_getter,Identical four-byte object +0x3C accessor used by paired release methods,VERIFIED,Steam/GOG DP_decompiled.c;DP_full.asm,2026-10-01,Returns the packed CRdHandleUtil handle field.
H0181,00401310,00401310,,application_shutdown_manager_teardown,Matched global-manager shutdown sequence including paired active-object-manager teardown,VERIFIED,Steam/GOG DP_decompiled.c;DP_full.asm,2026-10-01,Clears 00BD7670 after destruction.
H0182,004AB200,004AB2E0,,source_type_selector_dispatch_to_active_object_factory,Matched source +0x30 switch values and paired selector mapping including case 7 -> selector 0x08,VERIFIED,Steam/GOG DP_decompiled.c;DP_full.asm,2026-10-01,Factory completion registers all successful outer objects through the active-object manager.
H0183,005F2900,005F29D0,,CNpcRecord_vtable_initializer,Matched one-store CNpcRecord vtable initialization,VERIFIED,Steam/GOG DP_decompiled.c;DP_full.asm,2026-10-01,Does not prove independent record ownership or registration.
H0184,005F2910,005F29E0,,CNpcRecord_deleting_destructor,Matched vtable rewrite and conditional allocator-delete operation,VERIFIED,Steam/GOG DP_decompiled.c;DP_full.asm,2026-10-01,No handle release or active-manager call occurs in the helper.
H0185,004274B0,004274D0,,CMustachesAdmin_initializer,Matched vtable write and three -1 field initializations,VERIFIED,Steam/GOG DP_decompiled.c;DP_full.asm;symbols.csv,2026-10-01,No direct handle/manager operation.
H0186,004274D0,004274F0,,CMustachesAdmin_vtable_reset,Matched one-store vtable reset,VERIFIED,Steam/GOG DP_decompiled.c;DP_full.asm;symbols.csv,2026-10-01,Used by CPlayer exception cleanup; no direct handle/manager operation.
H0187,004274E0,00427500,,CMustachesAdmin_deleting_destructor,Matched vtable reset and conditional allocator delete,VERIFIED,Steam/GOG DP_decompiled.c;DP_full.asm;symbols.csv,2026-10-01,No direct handle/manager operation.
H0188,00528020,005280F0,,CMustache_deleting_destructor,"Matched named CMustache vtable reset, +0x618 cleanup, and conditional delete",VERIFIED,findings/boundaries/cmustache_gog_creator_raw_recovery.md;findings/boundaries/cmustache_parent_handle_access_limit.md,2026-10-02,Paired creator is H0241; supplied call manifests expose no direct parent/controller destructor caller.
H0189,00402DA0,00402D90,,CRdObjectModel_teardown,Matched CRdObjectModel vtable rewrites and cleanup sequence,VERIFIED,Steam/GOG DP_decompiled.c;DP_full.asm,2026-10-01,CThrowLure local teardown delegates here; no handle operation.
H0190,006BCB20,006BC630,,CRdObjectModel_runtime_cleanup,Matched local model-field cleanup around +0x390,VERIFIED,Steam/GOG DP_decompiled.c;DP_full.asm,2026-10-01,CThrowLure vtable slot +8; no handle/list operation.
H0191,006C58B0,006C53B0,,active_object_manager_reset,Matched manager reset invokes generic retirement then local auxiliary teardown,VERIFIED,Steam/GOG DP_decompiled.c;DP_full.asm,2026-10-01,No direct CRdHandleUtil global clear.
H0192,0041B5E0,0041B600,,active_object_iterator_next_matching,Matched +0x54 traversal with +0xDC exclusion and +0x29 category filter,VERIFIED,Steam/GOG DP_decompiled.c;DP_full.asm;findings/boundaries/cthrowlure_retirement_marker_iterator.md,2026-10-01,Returns the next matching active-list entry; 0xFF accepts every non-excluded category.
H0193,0041B640,0041B660,,active_object_iterator_first_matching,Matched manager +0x10 seed and common next-helper call,VERIFIED,Steam/GOG DP_decompiled.c;DP_full.asm;findings/boundaries/cthrowlure_retirement_marker_iterator.md,2026-10-01,Starts active-list traversal; it is not a separate retirement queue.
H0194,00427320,00427340,,active_object_is_retirement_marked,Matched byte +0x29 AND 0x80 bodies,VERIFIED,Steam/GOG DP_decompiled.c;DP_full.asm;findings/boundaries/cthrowlure_retirement_marker_iterator.md,2026-10-01,Generic retirement selection gate.
H0195,006BAB20,006BAA70,,active_object_mark_for_retirement,"Matched +0xDC OR 0x60, +0x29=0x80, +0x2A clear, event-2 dispatch",VERIFIED,Steam/GOG DP_decompiled.c;DP_full.asm;findings/boundaries/cthrowlure_retirement_marker_iterator.md,2026-10-01,Sole direct exact +0x29=0x80 writer in the bounded field-write census; entered by vtable slot +0x30.
H0196,006C5DA0,006C58A0,,active_object_dispatch_retirement_mark_slot,Matched manager +0x18E0 gate and vtable +0x30 dispatch,VERIFIED,Steam/GOG DP_decompiled.c;DP_full.asm;findings/boundaries/cthrowlure_retirement_marker_iterator.md,2026-10-01,Potential indirect entry to per-class marker implementations.
H0197,006C5DF0,006C58F0,,active_object_broadcast_retirement_mark,"Matched active iterator, eligibility predicate, and +0x30 dispatcher call",VERIFIED,Steam/GOG DP_decompiled.c;DP_full.asm;findings/boundaries/cthrowlure_retirement_marker_iterator.md,2026-10-01,"Reset invokes with selector 0, which accepts every iterated entry."
H0198,005E6CF0,005E6DC0,,active_object_broadcast_control_bit,Matched true/false branch to paired selector broadcasts,VERIFIED,Steam/GOG DP_decompiled.c;DP_full.asm;findings/boundaries/cmustachesadmin_cmustache_children.md,2026-10-01,CFishingPerson teardown calls true branch; no handle release.
H0199,006C5ED0,006C59D0,,active_object_broadcast_control_bit_set,"Matched active iterator, eligibility predicate, and control-bit helper dispatch",VERIFIED,Steam/GOG DP_decompiled.c;DP_full.asm;findings/boundaries/cmustachesadmin_cmustache_children.md,2026-10-01,Not a retirement broadcast.
H0200,006BB180,006BB0D0,,active_object_set_control_bit_and_dispatch_event13,"Matched +0x2B OR, +0x38 derivation, event-13 dispatch",VERIFIED,Steam/GOG DP_decompiled.c;DP_full.asm;findings/boundaries/cmustachesadmin_cmustache_children.md,2026-10-01,Does not touch retirement mark +0x29 or handles.
H0201,0064D810,0064D760,,native_task_callback_registration_initializer,"selector-0 factory, private-state writes, literal callback installation, paired raw control flow",VERIFIED,Steam/GOG DP_full.asm;findings/boundaries/native_task_callback_lifecycle.md,2026-10-02,"GOG has no recovered Ghidra function boundary. Inventory limit: GOG_PC 0064D760: the existing finding identifies a raw registration block, not a recovered Ghidra function entry. Curator scope review 2026-10-02; no new raw-boundary analysis."
H0202,006BAB80,006BAAD0,,native_task_set_callback_and_dispatch_initial_event,matched task +0x44 callback write and common event-0 dispatch,VERIFIED,Steam/GOG DP_decompiled.c;DP_full.asm;findings/boundaries/native_task_callback_lifecycle.md,2026-10-01,Generic task callback setter.
H0203,00647730,00647680,,native_task_state_callback,"matched 24KiB switch/helper topology, private state globals, and paired registration literals",STRONG_INFERENCE,Steam/GOG DP_decompiled.c;DP_full.asm;findings/boundaries/native_task_callback_lifecycle.md,2026-10-01,Callback role structurally supported; exact subsystem semantics remain open.
H0204,0045C9F0,0045CA20,,cmessage_code_dispatcher,"matched signature, param_6 code cases, lazy CSingleton<CMessage> root, +0x44 resolver use, and paired control-flow topology",VERIFIED,inputs/decompiler/steam/DP_decompiled.c:72222-73520; inputs/decompiler/gog/DP_decompiled.c:64953-66251; findings/boundaries/cmessage_high_centrality_dispatcher.md,2026-10-02,Presentation grouping is structural; exact command semantics unknown. Reconciled 2026-10-02: former canonical name 'message_presentation_helper' described the broader presentation grouping; exact code semantics remain unresolved.
H0205,00642640,00642590,,paired_state_transition_reset_root,matched high-fanout state machine and paired grouped reset writes including 0147693C,STRONG_INFERENCE,findings/boundaries/native_task_availability_reset_boundary.md,2026-10-01,Exact transition semantics remain unresolved.
H0206,0045A590,0045A5C0,,cmessage_record_category_resolve,"matched +0x44 offset table, +0x48 cache, category ranges, and sentinel returns",VERIFIED,findings/boundaries/native_task_connective_architecture.md,2026-10-01,Record semantic categories remain unresolved.
H0207,005DCA50,005DCB20,,clevel_named_xmd_xpc_attach,"matched LEVEL%03d.XMD/XPC name construction, CRdData lookup pair, selector-0x28 request, and CLevel setup call",VERIFIED,findings/boundaries/crdpicture_clevel_resource_attachment.md,2026-10-02,Existing C0115 resolves the organizing array receiver as static CMap 013936F0; exclusive CLevel lifetime ownership and level teardown remain UNKNOWN. H0207 retains its named-resource attach scope and unchanged members/confidence; governance note reconciliation only. See findings/boundaries/cmap_world_level_owner_root.md.
H0208,006BE6E0,006BE1F0,,clevel_xmd_xpc_setup_handoff,"matched paired resource stores at this+0x160/+0x164, animation allocation, preparation sequence, and virtual +0x4C call",VERIFIED,findings/boundaries/crdpicture_clevel_resource_attachment.md,2026-10-02,Final renderer submission semantics remain unresolved.
H0209,006C0620,006C04D0,,clevel_virtual_attachment_update,same verified CLevel vtable +0x4C position and CLevel-owned attachment/resource update context; implementations are build-specific,DISPROVEN,findings/boundaries/phase5_world_resource_retirement.md;findings/boundaries/clevel_virtual_attachment_selection.md,2026-10-04,Do not treat code-shape divergence as an instruction-level homology or final renderer proof. Historicalsame-+4C basis contradicted:Steam006C0620 at50/GOG006C04D0 at58. Retainoriginaladdresses/basis asdisproven history; no replacementhomology inferred.
H0210,006C07D0,006C02E0,,clevel_attachment_selection_update,"matched CLevel +0x170/+0x174 reset, +0x168 gate, three +0x280 stride-0x1C entries, N_HEAD test, and paired helper sequence",VERIFIED,findings/boundaries/clevel_virtual_attachment_selection.md,2026-10-02,Selected attachment consumer remains unresolved.
H0211,006C1320,006C0E30,,clevel_attachment_slot_teardown,"matched selected pointer/index reset, three-entry +0x280 stride-0x1C slot layout, attachment virtual release, associated-state free, and slot clearing",VERIFIED,findings/boundaries/clevel_selected_attachment_lifecycle.md,2026-10-02,Attachment class and destructor semantics remain unresolved.
H0212,006BF550,006BF060,,shared_attachment_aware_transform_update,matched large transform/update body and attachment-compatible offsets +0x160/+0x170/+0x174/+0x280/+0x2D4,VERIFIED,findings/boundaries/shared_actor_attachment_interface_correction.md,2026-10-02,Shared actor-family helper; not directly placed in the CLevel vtables.
H0213,00417650,00417620,,shared_actor_vslot50_resource_attachment_handler,matched raw vtable +0x50 placement across twenty paired actor-family tables and matched conditional shared-transform helper call branch,VERIFIED,findings/boundaries/shared_actor_attachment_interface_correction.md,2026-10-02,No direct static scheduler or generic active-object-dispatch call to this virtual handler is recovered.
H0214,005AD940,005ADA10,,xam_seedg_resource_object_dispatch,"matched companion resource setup, SEEDG001/002/003.XAM selector, CRdData lookup, owner virtual +0x54 call, and config copies",VERIFIED,findings/boundaries/xam_seedg_object_dispatch.md,2026-10-02,Owner class and virtual-slot semantics remain unresolved.
H0215,006C0480,006BFF90,,CObjectSpecies_xam_resource_receiver,raw CObjectSpecies vtable +0x54 target paired with XAM selection method at +0x84,VERIFIED,findings/boundaries/xam_cobjectspecies_interface.md,2026-10-02,Virtual slot semantic role remains unresolved.
H0216,006B9020,006B8F70,,resource_binding_state_replace,"matched changed-resource release, global size adjustment, current/previous resource fields, and control-state writes",VERIFIED,findings/boundaries/xam_resource_binding_state.md,2026-10-02,Resource subtype and parent object remain unresolved.
H0217,004213D0,004213F0,,xca_scene_transition_resource_handoff,"matched D%02d.XCA name/path, CRdData lookup, scene +0x2B8 write, scene helper handoff, and attachment refresh loop",VERIFIED,findings/boundaries/xca_scene_transition_handoff.md,2026-10-02,XCA payload grammar and scene owner class remain unknown.
H0218,004275E0,00427600,,xca_scene_crdinterp_handoff,matched scene +0x2E8 lazy 0x30 CRdInterp allocation/vtable initialization and XCA resource forward call,VERIFIED,findings/boundaries/xca_crdinterp_scene_state.md,2026-10-02,Scene owner and CRdInterp state semantics unresolved.
H0219,006B9E70,006B9DC0,,XCA_CRdInterp_header_initialize,"matched XCA1 magic, retained pointer, header +0x0A count, and 2*N/4*N/4*N zeroed arrays",VERIFIED,findings/formats/xca_crdinterp_parser.md,2026-10-02,Detailed XCA fields and arrays unknown.
H0220,006A3BA0,006A3AF0,,xnv_selector_object_family_setup,"matched OGE60511.XNV lookup, companion records, five selector-0x40 plus one selector-0x41 objects, global retention, and paired setup",VERIFIED,findings/boundaries/xnv_selector_object_family.md,2026-10-02,Selector class identities and XNV grammar unresolved.
H0221,005F5000,005F5100,,CObjectCHookChain_constructor,"selector 0x40, 0x690 allocation, named vtable write, matched fields",VERIFIED,findings/boundaries/xnv_hook_tackle_chain_classes.md,2026-10-02,XNV payload semantics unknown.
H0222,005F5130,005F5230,,CObjectCTackleChain_constructor,"selector 0x41, 0x708 allocation, named vtable write, matched fields",VERIFIED,findings/boundaries/xnv_hook_tackle_chain_classes.md,2026-10-02,XNV payload semantics unknown.
H0223,0070DD40,0070DCE0,,DSB_event_core_slot_dispatch,"matched slot resolver, failure -1, slot activation, and descriptor-byte command helper",VERIFIED,findings/boundaries/dsb_event_core_dispatch.md,2026-10-02,DSB grammar and slot semantics unknown.
H0224,0070E820,0070E7C0,,DSB_event_core_slot_select,"matched 0..0x17F scan, paired predicates, first match return, and 0xFFFF failure",VERIFIED,findings/formats/dsb_event_core_slot_selection_limit.md,2026-10-02,No DSB payload header grammar recovered.
H0225,00677CF0,00677C40,,xwp_ceffect_package_setup,"matched UPDATA/EFFECT/XWP path, ver1.5 check, member readiness, 0x348 CEffect creation, callback assignment, active registration",VERIFIED,findings/boundaries/xwp_ceffect_package_boundary.md,2026-10-02,XWP grammar/member schema unknown.
H0226,006750C0,00675010,,CEffect_runtime_constructor,"matched base setup, CEffect vtable write, and zero/default field initialization",VERIFIED,findings/boundaries/xwp_ceffect_package_boundary.md,2026-10-02,Runtime CEffect semantic subtype assigned by callers.
H0227,00676520,00676470,,CEffect_event_lifecycle_callback,"matched CEffect event switch, event 0 init, event 1 update/gating, flag transitions, and pending request release",VERIFIED,findings/boundaries/xwp_ceffect_callback_lifecycle.md,2026-10-02,XWP package-specific field semantics unknown. Inventory limit: GOG_PC 00676470: the existing paired callback report names this address but the GOG inventory has no entry here; raw boundary/provenance must be rechecked before using it as a new foundational homologue. Curator scope review 2026-10-02; no new raw-boundary analysis.
H0228,00700650,00700670,,application_idle_frame_loop,"matched window setup, startup, WM_QUIT loop, PeekMessage idle path, delta computation/clamp, frame root call, post-frame/cursor handling",VERIFIED,findings/boundaries/application_idle_frame_loop.md,2026-10-02,Steam-only API init/shutdown surrounds Steam build loop.
H0229,006CCEF0,006CC990,,frame_d3d9_cooperative_gate,"matched TestCooperativeLevel, DEVICELOST/DEVICENOTRESET branches, Sleep(50), Reset, pre/post helpers",VERIFIED,findings/boundaries/frame_d3d9_cooperative_gate.md,2026-10-02,Reset helper internals remain separate.
H0230,006CC030,006CBAD0,,d3d9_device_lost_release_resources,"matched On Render Device Lost, four registry loops, COM Release at resource slots, slot clear",VERIFIED,findings/boundaries/d3d9_device_resource_reset_lifecycle.md,2026-10-02,Registry ownership/descriptor fields unresolved.
H0231,006CBD00,006CB7A0,,d3d9_device_reset_recreate_resources,"matched On Render Device Reset, four registry loops, CreateTexture/Cube/Volume/VertexBuffer calls",VERIFIED,findings/boundaries/d3d9_device_resource_reset_lifecycle.md,2026-10-02,Registry ownership/descriptor fields unresolved.
H0232,006CCFE0,006CCA80,,d3d9_texture_descriptor_at,matched count bounds check and owner +0x0C + index*0x18 return arithmetic,VERIFIED,findings/boundaries/d3d9_texture_registry_layout.md,2026-10-02,Registry owner/descriptor semantics unresolved.
H0233,006CBAC0,006CB560,,d3d9_texture_registry_find_cleanup,"matched 2D registry scan by COM slot +0x10, reverse index derivation, and cleanup helper dispatch",VERIFIED,findings/boundaries/xpc2_d3d9_registry_cleanup.md,2026-10-02,Registry owner/provenance unresolved.
H0234,00700C90,00700BF0,,win32_message_engine_boundary,"matched Win32 message switch, input globals, shared helper routes, drag/drop and custom message handling",VERIFIED,findings/boundaries/win32_message_input_boundary.md,2026-10-02,Downstream input/gameplay semantics unknown.
H0235,004012B0,004012B0,,win32_mouse_message_noop,matched direct return body and paired WndProc call context,VERIFIED,findings/boundaries/win32_mouse_translator_noop.md,2026-10-02,Downstream coordinate-global readers unresolved.
H0236,004012E0,004012E0,,win32_resize_message_noop,matched direct return body and paired WM_SIZE call context,VERIFIED,findings/boundaries/win32_resize_helper_noop.md,2026-10-02,No direct resize/render handoff recovered.
H0237,004012D0,004012D0,,win32_activation_message_noop,matched direct return body and paired WM_ACTIVATE call context,VERIFIED,findings/boundaries/win32_activation_helper_noop.md,2026-10-02,No direct activation/application handoff recovered.
H0238,004012C0,004012C0,,win32_dropfiles_message_noop,matched direct return body and paired WM_DROPFILES marker/file call context,VERIFIED,findings/boundaries/win32_dropfiles_helper_noop.md,2026-10-02,No direct file-drop application/resource handoff recovered.
H0239,007364B0,007361C0,,directshow_media_event_window_drain,"matched IMediaEventEx GetEvent timeout 100, EC_COMPLETE latch, FreeEventParams, and WndProc 0x8001 caller",VERIFIED,findings/boundaries/win32_directshow_media_event_boundary.md,2026-10-02,DirectShow posts the registered custom window message; runtime event timing remains unknown.
H0240,00735D00,00735A10,,directshow_media_graph_initialize,"matched CoInitialize, CLSID_FilterGraph creation, five paired IID queries, and SetNotifyWindow(hwnd,0x8001,0)",VERIFIED,findings/boundaries/crdmovie_directshow_owner.md;findings/boundaries/win32_directshow_media_event_boundary.md,2026-10-02,"Prior audio_graph canonical label narrowed to movie/media after concrete CRdMovie caller/source/surface evidence; original notification/interface correspondence reused, not rediscovered."
H0241,00527170,00527240,,CMustachesAdmin_ensure_CMustache_children,"three matched slot-gated 0x628 allocations, CMustache vtable stores, active registrations, paired resource IDs, callback, and parent +0x2C/+0x30/+0x34 handle stores",VERIFIED,findings/boundaries/cmustache_gog_creator_raw_recovery.md,2026-10-02,GOG continuation is orphaned/truncated in supplied decompiler export but directly present in executable bytes.
H0242,00527660,00527730,,CMustachesAdmin_update_CMustache_child_state,"matched three parent packed-handle lookup loop, child +0x61C state operations, shared timing/state calls, and absence of direct retirement/release",VERIFIED,findings/boundaries/cmustache_parent_handle_access_limit.md,2026-10-02,GOG controller continuation is compiler-displaced/orphaned in generated decompilation; raw bytes are authoritative.
H0243,0040A270,0040A240,,CMessage_initialize,matched raw class-vtable stores and ordered zeroing of +0x34/+0x38/+0x44/+0x5C,VERIFIED,findings/boundaries/cmessage_constructor_table_base_limit.md,2026-10-02,Paired constructors clear the record-table base rather than loading it.
H0244,004276C0,004276A0,,CScenedemoPostEffect_initialize,matched temporary/final CScenedemoPostEffect vtable stores and 0x32 x 0x4C record-vector initialization,VERIFIED,findings/boundaries/cthrowlure_dispatcher_direct_caller_limit.md,2026-10-02,Pairs named CScenedemoPostEffect initialization.
H0245,004277F0,00427810,,CScenedemoPostEffect_get_singleton,"matched lazy 0x1224 allocation, constructor call, and 00BDBCC8 singleton-root publication",VERIFIED,findings/boundaries/cthrowlure_dispatcher_direct_caller_limit.md,2026-10-02,Pairs lazy CScenedemoPostEffect singleton accessors.
H0246,0066D280,0066D1D0,,CScenedemoPostEffect_dispatch_and_clear_active_object_fields,matched 0x32-record cleanup loop plus +0x2C8/+0x2CC generic active-object dispatch-and-clear paths,VERIFIED,findings/boundaries/cthrowlure_dispatcher_direct_caller_limit.md,2026-10-02,Receiver storage is generic; no CThrowLure-specific field is evidenced.
H0247,00427680,004276E0,,CScenedemoPostEffect_deleting_destructor,"matched base-vtable store, 0x32 x 0x4C vector destructor, and conditional delete-this path",VERIFIED,findings/boundaries/cscenedemo_post_effect_lifecycle_limit.md,2026-10-02,Reached through paired vtable entries; no direct static caller is present in the inspected exports.
H0248,00633850,006337A0,,CShop_setup_context,Three matched selector-0x34 raw ECX result sites; identical setup fields/control,VERIFIED,findings/boundaries/cshop_external_handles.md,2026-10-02,"Paired class-discriminated source, not same-address transfer."
H0249,00634830,00634780,,CShop_scalar_deleting_destructor,Named raw CShop slot 0; paired destructor call and same-this flag/free sequence,VERIFIED,findings/boundaries/cshop_external_handles.md,2026-10-02,"Paired class-discriminated source, not same-address transfer."
H0250,006347B0,00634700,,CShop_event_callback_adapter,Independent selector-0x34 callback records and raw object/event-forwarding adapter,VERIFIED,findings/boundaries/cshop_callback_retirement.md,2026-10-02,Only displayed lifecycle/identity anchors; GOG handler export is severely truncated; full body equivalence not asserted.
H0251,0062F9B0,0062F900,,CShop_event_handler,Paired callback adapter target; event 0 resources; event 1 raw gate; state +0x152C switch and raw state-3 this+0x30 retirement arm,VERIFIED,findings/boundaries/cshop_callback_retirement.md,2026-10-02,Only displayed lifecycle/identity anchors; GOG handler export is severely truncated; full body equivalence not asserted.
H0252,00700260,00700280,,CRdMovie_start_source,Named singleton caller ECX; wmv/fallback path; matching helper allocation/+8/+4 fields,VERIFIED,findings/boundaries/crdmovie_directshow_owner.md,2026-10-02,Build-specific named root and matched path/field/call flow; no Xbox mapping.
H0253,00700480,007004A0,,CRdMovie_stop_session,Named root stop receiver; paired graph stop and +8 cleanup/null/+4 clear raw bytes,VERIFIED,findings/boundaries/crdmovie_directshow_owner.md,2026-10-02,Build-specific named root and matched path/field/call flow; no Xbox mapping.
H0254,00700500,00700520,,CRdMovie_copy_frame_and_poll_completion,Identical 720-row/0x1400 copy and completion/cleanup structure,VERIFIED,findings/boundaries/crdmovie_directshow_owner.md,2026-10-02,Build-specific named root and matched path/field/call flow; no Xbox mapping.
H0255,00736010,00735D20,,directshow_open_movie_source,"Same concrete CRdMovie caller, shared graph globals/source/filter/run steps",VERIFIED,findings/boundaries/crdmovie_directshow_owner.md,2026-10-02,Build-specific named root and matched path/field/call flow; no Xbox mapping.
H0256,005D0680,005D0750,,cmap_constructor,"Raw CMap table/type, exact static this, 64-pointer clear, embedded +0xA3F04, matching fields",VERIFIED,findings/boundaries/cmap_world_level_owner_root.md,2026-10-02,Foundational raw RTTI/root/receiver anchor independently checked. Xbox unavailable. Raw static construction stubs 0076B720/0076B430 are not exported entries.
H0257,005D07A0,005D0870,,cmap_deleting_destructor,"Decoded paired CMap slot zero, table rewrite, embedded +0xA3F04 target cleanup and flag-1 conditional free",VERIFIED,findings/boundaries/cmap_world_level_owner_root.md,2026-10-02,Foundational raw RTTI/root/receiver anchor independently checked. Xbox unavailable. Raw static construction stubs 0076B720/0076B430 are not exported entries.
H0258,0076DC50,0076D960,,cmap_static_finalizer,Paired raw static construction stubs register these finalizers via atexit; same root table rewrite and embedded target receiver,VERIFIED,findings/boundaries/cmap_world_level_owner_root.md,2026-10-02,Foundational raw RTTI/root/receiver anchor independently checked. Xbox unavailable. Raw static construction stubs 0076B720/0076B430 are not exported entries.
H0259,00405F30,00405EF0,,crdscenedraw_constructor,"Paired rooted allocation receiver, raw base-table/RTTI and embedded resource initialization anchors",VERIFIED,findings/boundaries/crdscenedraw_active_manager_interface.md,2026-10-02,"Scoped independently type/table/root-anchored correspondence, not complete normalized CFG equivalence or Xbox mapping."
H0260,00406650,00406610,,crdscenedraw_destructor,"Matched raw typed base table, cleanup call then embedded member/vector/base teardown",VERIFIED,findings/boundaries/crdscenedraw_active_manager_interface.md,2026-10-02,"Scoped independently type/table/root-anchored correspondence, not complete normalized CFG equivalence or Xbox mapping."
H0261,00406980,00406940,,crdscenedraw_deleting_destructor,Paired decoded base table slot zero and destructor/flag-1 free flow,VERIFIED,findings/boundaries/crdscenedraw_active_manager_interface.md,2026-10-02,"Scoped independently type/table/root-anchored correspondence, not complete normalized CFG equivalence or Xbox mapping."
H0262,00406E10,00406DD0,,crdscenedraw_singleton_deleting_destructor,"Paired decoded singleton slot zero, raw own-table rewrite/destructor/flag-1 free flow",VERIFIED,findings/boundaries/crdscenedraw_active_manager_interface.md,2026-10-02,"Scoped independently type/table/root-anchored correspondence, not complete normalized CFG equivalence or Xbox mapping."
H0263,00401440,00401440,,frame_context_staging_and_media_phase,"Same sole caller site, staging/root operands, local branch joins and build-qualified movie update targets; same discontiguous RET tail",VERIFIED,findings/boundaries/application_media_phase_placement.md,2026-10-03,"Scoped independently byte-checked selected branches/receiver/call correspondence. Full downstream algorithm, live behavior and Xbox mapping not established."
H0264,0041C270,0041C290,,read_application_context_selector_bit31,Identical 12 raw bytes reading 008A6074 and extracting bit 31; matched two frame callsites,VERIFIED,findings/boundaries/application_media_phase_placement.md,2026-10-03,"Scoped independently byte-checked selected branches/receiver/call correspondence. Full downstream algorithm, live behavior and Xbox mapping not established."
H0265,00401A70,00401A70,,top_level_frame_scheduler,Matched selected repeat-loop/order/context branches and post-loop phase call with independently checked build-specific targets,VERIFIED,findings/boundaries/application_media_phase_placement.md,2026-10-03,"Scoped independently byte-checked selected branches/receiver/call correspondence. Full downstream algorithm, live behavior and Xbox mapping not established."
H0266,0046F9D0,0046FAD0,,CSdCore_acquire_singleton,"0x50C allocation, saved ESI receiver, raw singleton RTTI/table and identical root/result publication",VERIFIED,findings/boundaries/gameplay_audio_organizing_roots.md,2026-10-03,Main independently verified raw types/bytes/selected anchors after bounded agent review. No full normalized CFG/auxiliary callee equivalence or Xbox mapping.
H0267,0072BA00,0072B710,,CSdCore_constructor_and_sound_bank_setup,"Raw base RTTI/receiver, selected layout/source-bank/backend/X3D call anchors; whole exported instruction bytes checked separately",VERIFIED,findings/boundaries/gameplay_audio_organizing_roots.md,2026-10-03,Main independently verified raw types/bytes/selected anchors after bounded agent review. No full normalized CFG/auxiliary callee equivalence or Xbox mapping.
H0268,0076D9B0,0076D6C0,,CSdCore_static_instance_initialize,"Raw ECX014B0400 and structurally matched constructor/finalizer registration, not lazy instance",VERIFIED,findings/boundaries/gameplay_audio_organizing_roots.md,2026-10-03,Main independently verified raw types/bytes/selected anchors after bounded agent review. No full normalized CFG/auxiliary callee equivalence or Xbox mapping.
H0269,005F5DD0,005F5ED0,,CCar_retain_selected_lookup_result,Typed static root caller; retained this in ESI; selected getter/lookup result stored at+73C.,VERIFIED,findings/boundaries/vehicle_organizing_root.md,2026-10-03,"Sequence18 independent types/calls/tables and selected bytes. Scope is selected mechanics, not full algorithms/cadence/free invocation."
H0270,005F5D80,005F5E80,,CCar_vector_deleting_destructor,"Exact CCar own slot0; vptr rewrite, two embedded398 CLayout destructors and conditional free.",VERIFIED,findings/boundaries/vehicle_organizing_root.md,2026-10-03,"Sequence18 independent types/calls/tables and selected bytes. Scope is selected mechanics, not full algorithms/cadence/free invocation."
H0271,005F8400,005F8500,,CCar_launch_resource_native_task,"Incoming ECX overwritten by application manager; distinct selector0 task, word11 and raw callback installation.",VERIFIED,findings/boundaries/vehicle_organizing_root.md,2026-10-03,"Sequence18 independent types/calls/tables and selected bytes. Scope is selected mechanics, not full algorithms/cadence/free invocation."
H0272,00544AB0,00544B80,,CObjectCar_native_event_dispatch,Exact CObjectCar ownslot+A4; event5 selector/gate and same-this mode8000 shape-helper route.,VERIFIED,findings/boundaries/vehicle_organizing_root.md,2026-10-03,"Sequence18 independent types/calls/tables and selected bytes. Scope is selected mechanics, not full algorithms/cadence/free invocation."
H0273,00404390,00404370,,singleton_allocation_zero_fill_tracking_boundary,"Main matched28instruction/70byte register/argument/relativebranch shapes; own namedmalloc/memset/errorstring, ordinalopaquehandoffs",STRONG_INFERENCE,findings/boundaries/phase6_gog_allocation_request_qualification_seq0160.md,2026-10-05,Selectedownsurface only; no callee/manager/type/free/wholecaller homology; Xboxunmapped.
