resource_id_or_type,canonical_name,extensions_or_container,loader_functions,factory_or_constructor,consumers,builds,evidence_state,evidence_refs,last_reviewed,notes
.DB,resource_family_DB,.DB,,,,STEAM_PC;GOG_PC;DP_SERIAL,UNKNOWN,inputs/assets/dpserial;inputs/decompiler/steam/strings.csv;inputs/decompiler/gog/strings.csv,2026-10-01,asset_count=3; literal_string_count=6; literal_string_reference_count=0; Asset and/or string presence without a direct literal-loader xref in current exports.
.DPB,resource_family_DPB,.DPB,STEAM_PC:00408310;GOG_PC:004082D0,,,STEAM_PC;GOG_PC;DP_SERIAL,STRONG_INFERENCE,inputs/assets/dpserial;inputs/decompiler/steam/strings.csv;inputs/decompiler/gog/strings.csv,2026-10-01,asset_count=1; literal_string_count=2; literal_string_reference_count=0; Asset and/or string presence without a direct literal-loader xref in current exports. Callback 00408310/004082D0 explicitly dispatches this extension family; helper/payload semantics remain separate. Callback 00408310/004082D0 explicitly dispatches this extension family; helper/payload semantics remain separate.
.DSB,event_script_stream,.DSB,STEAM_PC:00408310;GOG_PC:004082D0;STEAM_PC:00408960;GOG_PC:00408920;STEAM_PC:0070dd40;GOG_PC:0070dce0,,,STEAM_PC;GOG_PC;DP_SERIAL,STRONG_INFERENCE,inputs/assets/dpserial;inputs/decompiler/steam/strings.csv;inputs/decompiler/gog/strings.csv;inputs/decompiler/steam/xrefs.csv;prior research,2026-10-01,asset_count=656; literal_string_count=1312; literal_string_reference_count=0; Prior content census identifies DSB command streams; direct literal xrefs are absent. Callback 00408310/004082D0 initializes CEvCore and invokes paired DSB event-core helpers; command grammar and ownership remain open. Callback 00408310/004082D0 explicitly dispatches this extension family; helper/payload semantics remain separate.
.FLG,resource_family_FLG,.FLG,STEAM_PC:00408310;GOG_PC:004082D0,,,STEAM_PC;GOG_PC;DP_SERIAL,STRONG_INFERENCE,inputs/assets/dpserial;inputs/decompiler/steam/strings.csv;inputs/decompiler/gog/strings.csv,2026-10-01,asset_count=1; literal_string_count=2; literal_string_reference_count=0; Asset and/or string presence without a direct literal-loader xref in current exports. Callback 00408310/004082D0 explicitly dispatches this extension family; helper/payload semantics remain separate. Callback 00408310/004082D0 explicitly dispatches this extension family; helper/payload semantics remain separate.
.GRS,resource_family_GRS,.GRS,STEAM_PC:00408310;GOG_PC:004082D0,,,STEAM_PC;GOG_PC;DP_SERIAL,STRONG_INFERENCE,inputs/assets/dpserial;inputs/decompiler/steam/strings.csv;inputs/decompiler/gog/strings.csv,2026-10-01,asset_count=11; literal_string_count=22; literal_string_reference_count=0; Asset and/or string presence without a direct literal-loader xref in current exports. Callback 00408310/004082D0 explicitly dispatches this extension family; helper/payload semantics remain separate. Callback 00408310/004082D0 explicitly dispatches this extension family; helper/payload semantics remain separate.
.IDX,resource_family_IDX,.IDX,STEAM_PC:00408310;GOG_PC:004082D0,,,STEAM_PC;GOG_PC;DP_SERIAL,STRONG_INFERENCE,inputs/assets/dpserial;inputs/decompiler/steam/strings.csv;inputs/decompiler/gog/strings.csv,2026-10-01,asset_count=1; literal_string_count=2; literal_string_reference_count=0; Asset and/or string presence without a direct literal-loader xref in current exports. Callback 00408310/004082D0 explicitly dispatches this extension family; helper/payload semantics remain separate. Callback 00408310/004082D0 explicitly dispatches this extension family; helper/payload semantics remain separate.
.LDP,resource_family_LDP,.LDP,,,,STEAM_PC;GOG_PC;DP_SERIAL,UNKNOWN,inputs/assets/dpserial;inputs/decompiler/steam/strings.csv;inputs/decompiler/gog/strings.csv,2026-10-01,asset_count=1; literal_string_count=2; literal_string_reference_count=0; Asset and/or string presence without a direct literal-loader xref in current exports.
.MES,resource_family_MES,.MES,STEAM_PC:00408310;GOG_PC:004082D0,,,STEAM_PC;GOG_PC;DP_SERIAL,STRONG_INFERENCE,inputs/assets/dpserial;inputs/decompiler/steam/strings.csv;inputs/decompiler/gog/strings.csv,2026-10-01,asset_count=7; literal_string_count=14; literal_string_reference_count=0; Asset and/or string presence without a direct literal-loader xref in current exports. Callback 00408310/004082D0 explicitly dispatches this extension family; helper/payload semantics remain separate. Callback 00408310/004082D0 explicitly dispatches this extension family; helper/payload semantics remain separate.
.NOD,resource_family_NOD,.NOD,"STEAM_PC:00408310:1,GOG_PC:004082d0:1",,,STEAM_PC;GOG_PC;DP_SERIAL,STRONG_INFERENCE,inputs/assets/dpserial;inputs/decompiler/steam/strings.csv;inputs/decompiler/gog/strings.csv,2026-10-01,asset_count=1; literal_string_count=4; literal_string_reference_count=2; Literal extension string xrefs establish a code boundary; semantic loader/factory remains unresolved.
.PAM,resource_family_PAM,.PAM,"STEAM_PC:00427af0:16,GOG_PC:00427b20:16,STEAM_PC:00641500:1,STEAM_PC:00707630:1,GOG_PC:00641450:1,GOG_PC:007075c0:1",,,STEAM_PC;GOG_PC;DP_SERIAL,STRONG_INFERENCE,inputs/assets/dpserial;inputs/decompiler/steam/strings.csv;inputs/decompiler/gog/strings.csv,2026-10-01,asset_count=3; literal_string_count=44; literal_string_reference_count=36; Literal extension string xrefs establish a code boundary; semantic loader/factory remains unresolved.
.PAR,resource_family_PAR,.PAR,,,,STEAM_PC;GOG_PC;DP_SERIAL,UNKNOWN,inputs/assets/dpserial;inputs/decompiler/steam/strings.csv;inputs/decompiler/gog/strings.csv,2026-10-01,asset_count=1; literal_string_count=2; literal_string_reference_count=0; Asset and/or string presence without a direct literal-loader xref in current exports.
.PEA,resource_family_PEA,.PEA,"STEAM_PC:00408310:1,GOG_PC:004082d0:1",,,STEAM_PC;GOG_PC;DP_SERIAL,STRONG_INFERENCE,inputs/assets/dpserial;inputs/decompiler/steam/strings.csv;inputs/decompiler/gog/strings.csv,2026-10-01,asset_count=1; literal_string_count=4; literal_string_reference_count=2; Literal extension string xrefs establish a code boundary; semantic loader/factory remains unresolved.
.PNG,resource_family_PNG,.PNG,"STEAM_PC:00707630:2,GOG_PC:007075c0:2",,,STEAM_PC;GOG_PC;DP_SERIAL,STRONG_INFERENCE,inputs/assets/dpserial;inputs/decompiler/steam/strings.csv;inputs/decompiler/gog/strings.csv,2026-10-01,asset_count=6; literal_string_count=16; literal_string_reference_count=4; Literal extension string xrefs establish a code boundary; semantic loader/factory remains unresolved.
.PRM,parameter_resource_PRM,.PRM,"STEAM_PC:00427af0:7,GOG_PC:00427b20:7,STEAM_PC:004213d0:2,STEAM_PC:005dfb40:2,GOG_PC:004213f0:2,GOG_PC:005dfc10:2,STEAM_PC:00452570:1,STEAM_PC:004525b0:1,STEAM_PC:00610080:1,STEAM_PC:00612430:1,GOG_PC:004525a0:1,GOG_PC:004525e0:1,GOG_PC:00610190:1,GOG_PC:00612540:1;STEAM_PC:00408310;GOG_PC:004082D0",,,STEAM_PC;GOG_PC;DP_SERIAL,STRONG_INFERENCE,inputs/assets/dpserial;inputs/decompiler/steam/strings.csv;inputs/decompiler/gog/strings.csv;inputs/decompiler/steam/xrefs.csv;prior research,2026-10-01,asset_count=410; literal_string_count=894; literal_string_reference_count=32; Literal extension xrefs and focused object/resource evidence. Callback 00408310/004082D0 explicitly dispatches this extension family; helper/payload semantics remain separate. Callback 00408310/004082D0 explicitly dispatches this extension family; helper/payload semantics remain separate.
.ROA,resource_family_ROA,.ROA,"STEAM_PC:00408310:3,GOG_PC:004082d0:3",,,STEAM_PC;GOG_PC;DP_SERIAL,STRONG_INFERENCE,inputs/assets/dpserial;inputs/decompiler/steam/strings.csv;inputs/decompiler/gog/strings.csv,2026-10-01,asset_count=3; literal_string_count=12; literal_string_reference_count=6; Literal extension string xrefs establish a code boundary; semantic loader/factory remains unresolved.
.SFO,resource_family_SFO,.SFO,,,,STEAM_PC;GOG_PC;DP_SERIAL,UNKNOWN,inputs/assets/dpserial;inputs/decompiler/steam/strings.csv;inputs/decompiler/gog/strings.csv,2026-10-01,asset_count=3; literal_string_count=6; literal_string_reference_count=0; Asset and/or string presence without a direct literal-loader xref in current exports.
.SRL,resource_family_SRL,.SRL,"STEAM_PC:00408310:2,GOG_PC:004082d0:2,STEAM_PC:00456e70:1,GOG_PC:00456ea0:1",,,STEAM_PC;GOG_PC;DP_SERIAL,STRONG_INFERENCE,inputs/assets/dpserial;inputs/decompiler/steam/strings.csv;inputs/decompiler/gog/strings.csv,2026-10-01,asset_count=2; literal_string_count=12; literal_string_reference_count=6; Literal extension string xrefs establish a code boundary; semantic loader/factory remains unresolved.
.XAM,animation_resource_XAM,.XAM,"STEAM_PC:005dd600:4,GOG_PC:005dd6d0:4,STEAM_PC:005ad940:3,GOG_PC:005ada10:3,STEAM_PC:00460bd0:1,STEAM_PC:004b80c0:1,STEAM_PC:006271c0:1,GOG_PC:00460c00:1,GOG_PC:004b81a0:1,GOG_PC:00627140:1;STEAM_PC:00408310;GOG_PC:004082D0",,,STEAM_PC;GOG_PC;DP_SERIAL,STRONG_INFERENCE,inputs/assets/dpserial;inputs/decompiler/steam/strings.csv;inputs/decompiler/gog/strings.csv;inputs/decompiler/steam/xrefs.csv;prior research,2026-10-01,asset_count=3456; literal_string_count=7130; literal_string_reference_count=194; Literal extension xrefs and large asset family; typed consumers unresolved. Callback 00408310/004082D0 explicitly dispatches this extension family; helper/payload semantics remain separate. Callback 00408310/004082D0 explicitly dispatches this extension family; helper/payload semantics remain separate.
.XCA,facial_animation_resource_XCA,.XCA,"STEAM_PC:004213d0:1,GOG_PC:004213f0:1;STEAM_PC:00408310;GOG_PC:004082D0",,,STEAM_PC;GOG_PC;DP_SERIAL,STRONG_INFERENCE,inputs/assets/dpserial;inputs/decompiler/steam/strings.csv;inputs/decompiler/gog/strings.csv;inputs/decompiler/steam/xrefs.csv;prior research,2026-10-01,asset_count=1641; literal_string_count=3284; literal_string_reference_count=2; Literal extension xrefs; exact class/consumer unresolved. Callback 00408310/004082D0 explicitly dispatches this extension family; helper/payload semantics remain separate. Callback 00408310/004082D0 explicitly dispatches this extension family; helper/payload semantics remain separate.
.XCM,resource_family_XCM,.XCM,STEAM_PC:00408310;GOG_PC:004082D0,,,STEAM_PC;GOG_PC;DP_SERIAL,STRONG_INFERENCE,inputs/assets/dpserial;inputs/decompiler/steam/strings.csv;inputs/decompiler/gog/strings.csv,2026-10-01,asset_count=38; literal_string_count=76; literal_string_reference_count=0; Asset and/or string presence without a direct literal-loader xref in current exports. Callback 00408310/004082D0 explicitly dispatches this extension family; helper/payload semantics remain separate. Callback 00408310/004082D0 explicitly dispatches this extension family; helper/payload semantics remain separate.
.XFE,facial_expression_resource,.XFE,STEAM_PC:00408310;GOG_PC:004082D0,,,STEAM_PC;GOG_PC;DP_SERIAL,STRONG_INFERENCE,inputs/assets/dpserial;inputs/decompiler/steam/strings.csv;inputs/decompiler/gog/strings.csv;inputs/decompiler/steam/xrefs.csv;prior research,2026-10-01,asset_count=70; literal_string_count=140; literal_string_reference_count=0; Prior asset/render research identifies XFE facial-expression payloads; loader xrefs remain open. Callback 00408310/004082D0 explicitly dispatches this extension family; helper/payload semantics remain separate. Callback 00408310/004082D0 explicitly dispatches this extension family; helper/payload semantics remain separate.
.XLY,layout_resource_candidate,.XLY,"STEAM_PC:006195f0:3,STEAM_PC:00464640:1,STEAM_PC:00464860:1,GOG_PC:00464670:1,GOG_PC:00464890:1;STEAM_PC:00408310;GOG_PC:004082D0",,,STEAM_PC;GOG_PC;DP_SERIAL,STRONG_INFERENCE,inputs/assets/dpserial;inputs/decompiler/steam/strings.csv;inputs/decompiler/gog/strings.csv;inputs/decompiler/steam/xrefs.csv;prior research,2026-10-01,asset_count=175; literal_string_count=378; literal_string_reference_count=8; Prior native UI report plus literal extension xrefs. Callback 00408310/004082D0 explicitly dispatches this extension family; helper/payload semantics remain separate. Callback 00408310/004082D0 explicitly dispatches this extension family; helper/payload semantics remain separate.
.XMD,model_resource_XMD_CRdMesh,.XMD,"STEAM_PC:004c3240:14,GOG_PC:004c3320:14,STEAM_PC:00627240:12,GOG_PC:006271c0:12,STEAM_PC:0041d970:9,GOG_PC:0041d990:9,STEAM_PC:0042a730:6,STEAM_PC:005dd600:6,GOG_PC:0042a760:6,GOG_PC:005dd6d0:6,STEAM_PC:004c60b0:5,GOG_PC:004c6190:5,STEAM_PC:0040e780:3,STEAM_PC:00435ca0:3,STEAM_PC:004b80c0:3,STEAM_PC:0057a3b0:3;STEAM_PC:00408310;GOG_PC:004082D0",,STEAM_PC:005DCA50->006BE6E0;GOG_PC:005DCB20->006BE1F0 CLevel paired attachment,STEAM_PC;GOG_PC;DP_SERIAL,VERIFIED,inputs/assets/dpserial;inputs/decompiler/steam/strings.csv;inputs/decompiler/gog/strings.csv;inputs/decompiler/steam/xrefs.csv;prior research;findings/boundaries/crdpicture_clevel_resource_attachment.md,2026-10-02,asset_count=3033; literal_string_count=6432; literal_string_reference_count=335; Literal extension xrefs and large asset family; typed consumers unresolved. Callback 00408310/004082D0 explicitly dispatches this extension family; helper/payload semantics remain separate. Callback 00408310/004082D0 explicitly dispatches this extension family; helper/payload semantics remain separate. Direct callback branch allocates/constructs CRdMesh. Direct callback branch allocates/constructs CRdMesh.;Paired LEVEL%03d CLevel attachment consumes validated record +0x1C objects; final draw ownership remains unresolved.
.XNV,navigation_resource_XNV,.XNV,"STEAM_PC:00627240:12,GOG_PC:006271c0:12,STEAM_PC:0042a730:6,GOG_PC:0042a760:6,STEAM_PC:006a3ba0:2,STEAM_PC:005a5840:2,GOG_PC:006a3af0:2,GOG_PC:005a5910:2,STEAM_PC:005a5910:1,GOG_PC:005a59e0:1;STEAM_PC:00408310;GOG_PC:004082D0",,,STEAM_PC;GOG_PC;DP_SERIAL,STRONG_INFERENCE,inputs/assets/dpserial;inputs/decompiler/steam/strings.csv;inputs/decompiler/gog/strings.csv;inputs/decompiler/steam/xrefs.csv;prior research,2026-10-01,asset_count=318; literal_string_count=670; literal_string_reference_count=46; Literal extension xrefs; exact navigation consumer unresolved. Callback 00408310/004082D0 explicitly dispatches this extension family; helper/payload semantics remain separate. Callback 00408310/004082D0 explicitly dispatches this extension family; helper/payload semantics remain separate.
.XOP,resource_family_XOP,.XOP,STEAM_PC:00408310;GOG_PC:004082D0,,,STEAM_PC;GOG_PC;DP_SERIAL,STRONG_INFERENCE,inputs/assets/dpserial;inputs/decompiler/steam/strings.csv;inputs/decompiler/gog/strings.csv,2026-10-01,asset_count=99; literal_string_count=202; literal_string_reference_count=4; Asset and/or string presence without a direct literal-loader xref in current exports. Callback 00408310/004082D0 explicitly dispatches this extension family; helper/payload semantics remain separate. Callback 00408310/004082D0 explicitly dispatches this extension family; helper/payload semantics remain separate.
.XPC,resource_package_XPC_CRdPicture,.XPC,"STEAM_PC:00428f30:32,GOG_PC:00428f60:32,STEAM_PC:004c3240:14,GOG_PC:004c3320:14,STEAM_PC:00627240:12,GOG_PC:006271c0:12,STEAM_PC:0042a730:7,GOG_PC:0042a760:7,STEAM_PC:005dd600:6,GOG_PC:005dd6d0:6,STEAM_PC:004213d0:4,GOG_PC:004213f0:4,STEAM_PC:00650ec0:3,STEAM_PC:00651030:3,GOG_PC:00650e10:3,GOG_PC:00650f80:3;STEAM_PC:00408310;GOG_PC:004082D0;STEAM_PC:006B5190;GOG_PC:006B50E0;STEAM_PC:006B5190;GOG_PC:006B50E0",STEAM_PC:00408310 inline 0x10 CRdPicture init -> 006B5190;GOG_PC:004082D0 inline 0x10 CRdPicture init -> 006B50E0,STEAM_PC:005DCA50 -> 006BE6E0 CLevel +0x164;GOG_PC:005DCB20 -> 006BE1F0 CLevel +0x164; manager +0x1C owner and event-1 release,STEAM_PC;GOG_PC;DP_SERIAL,VERIFIED,findings/boundaries/xpc_resource_positive_portfolio.md,2026-10-02,"asset_count=3819; literal_string_count=7979; literal_string_reference_count=298; Literal extension xrefs and large asset family; typed consumers unresolved. Callback 00408310/004082D0 explicitly dispatches this extension family; helper/payload semantics remain separate. Callback 00408310/004082D0 explicitly dispatches this extension family; helper/payload semantics remain separate. Direct callback branch allocates CRdPicture; helper payload population remains unresolved. Direct callback branch allocates CRdPicture; helper payload population remains unresolved. XPC2 payload parser validates magic 0x32435058, child grid records, and subpayload inflation. XPC2 payload parser validates magic 0x32435058, child grid records, and subpayload inflation.;Paired LEVEL%03d CLevel attachment consumes validated record +0x1C objects; final draw ownership remains unresolved. Primary 2026-10-02 owner/interface integration supersedes stale helper/consumer-unresolved wording: CRdData retains typed wrapper, CLevel retains returned pointer; independent CLevel ownership/unload coordination UNKNOWN. Original census counts/notes preserved."
.XPF,resource_family_XPF,.XPF,"STEAM_PC:004213d0:1,GOG_PC:004213f0:1;STEAM_PC:00408310;GOG_PC:004082D0",,,STEAM_PC;GOG_PC;DP_SERIAL,STRONG_INFERENCE,inputs/assets/dpserial;inputs/decompiler/steam/strings.csv;inputs/decompiler/gog/strings.csv,2026-10-01,asset_count=38; literal_string_count=78; literal_string_reference_count=2; Literal extension string xrefs establish a code boundary; semantic loader/factory remains unresolved. Callback 00408310/004082D0 explicitly dispatches this extension family; helper/payload semantics remain separate. Callback 00408310/004082D0 explicitly dispatches this extension family; helper/payload semantics remain separate.
.XPM,resource_family_XPM,.XPM,"STEAM_PC:006f72d0:2,GOG_PC:006f72e0:2,STEAM_PC:006f7850:1,STEAM_PC:006f7c40:1,GOG_PC:006f7860:1,GOG_PC:006f7c50:1",,,STEAM_PC;GOG_PC;DP_SERIAL,STRONG_INFERENCE,inputs/assets/dpserial;inputs/decompiler/steam/strings.csv;inputs/decompiler/gog/strings.csv;inputs/decompiler/steam/xrefs.csv;prior research,2026-10-01,asset_count=137; literal_string_count=388; literal_string_reference_count=8; Literal extension xrefs; exact consumer unresolved.
.XUL,resource_family_XUL,.XUL,STEAM_PC:00408310;GOG_PC:004082D0,,,STEAM_PC;GOG_PC;DP_SERIAL,STRONG_INFERENCE,inputs/assets/dpserial;inputs/decompiler/steam/strings.csv;inputs/decompiler/gog/strings.csv,2026-10-01,asset_count=56; literal_string_count=112; literal_string_reference_count=0; Asset and/or string presence without a direct literal-loader xref in current exports. Callback 00408310/004082D0 explicitly dispatches this extension family; helper/payload semantics remain separate. Callback 00408310/004082D0 explicitly dispatches this extension family; helper/payload semantics remain separate.
.XUS,resource_family_XUS,.XUS,STEAM_PC:00408310;GOG_PC:004082D0,,,STEAM_PC;GOG_PC;DP_SERIAL,STRONG_INFERENCE,inputs/assets/dpserial;inputs/decompiler/steam/strings.csv;inputs/decompiler/gog/strings.csv,2026-10-01,asset_count=6; literal_string_count=12; literal_string_reference_count=0; Asset and/or string presence without a direct literal-loader xref in current exports. Callback 00408310/004082D0 explicitly dispatches this extension family; helper/payload semantics remain separate. Callback 00408310/004082D0 explicitly dispatches this extension family; helper/payload semantics remain separate.
.XVO,resource_family_XVO,.XVO,STEAM_PC:00408310;GOG_PC:004082D0,,,STEAM_PC;GOG_PC;DP_SERIAL,STRONG_INFERENCE,inputs/assets/dpserial;inputs/decompiler/steam/strings.csv;inputs/decompiler/gog/strings.csv,2026-10-01,asset_count=110; literal_string_count=220; literal_string_reference_count=2; Asset and/or string presence without a direct literal-loader xref in current exports. Callback 00408310/004082D0 explicitly dispatches this extension family; helper/payload semantics remain separate. Callback 00408310/004082D0 explicitly dispatches this extension family; helper/payload semantics remain separate.
.XWP,effect_package_candidate,.XWP,"STEAM_PC:00438d10:1,STEAM_PC:0044fa20:1,STEAM_PC:00597420:1,STEAM_PC:005c4cb0:1,STEAM_PC:00614f00:1,STEAM_PC:00677cf0:1,GOG_PC:00438d90:1,GOG_PC:0044fa50:1,GOG_PC:005974f0:1,GOG_PC:005c4d80:1,GOG_PC:00677c40:1;STEAM_PC:00408310;GOG_PC:004082D0",,,STEAM_PC;GOG_PC;DP_SERIAL,STRONG_INFERENCE,inputs/assets/dpserial;inputs/decompiler/steam/strings.csv;inputs/decompiler/gog/strings.csv;inputs/decompiler/steam/xrefs.csv;prior research,2026-10-01,asset_count=221; literal_string_count=451; literal_string_reference_count=10; Prior CEffect/XWP report plus literal extension xrefs. Dedicated XWP directory registration and manager-backed ver1.5 package traversal are primary-backed; package class/vtable remains open. Callback 00408310/004082D0 explicitly dispatches this extension family; helper/payload semantics remain separate.
.ZIP,resource_family_ZIP,.ZIP,,,,DP_SERIAL,UNKNOWN,inputs/assets/dpserial;inputs/decompiler/steam/strings.csv;inputs/decompiler/gog/strings.csv,2026-10-01,asset_count=5; literal_string_count=0; literal_string_reference_count=0; Asset and/or string presence without a direct literal-loader xref in current exports.
DP_SERIAL_ARCHIVE_SEGMENTS,dpserial_archive_segment_container,DPSERIAL.001;DPSERIAL.002;DPSERIAL.003,"STEAM_PC:006B1500,006AFD60,006AF720,006AF7F0,006AF820,006AF850;GOG_PC:006B1500,006AFD60,006AF720,006AF7F0,006AF820,006AF850;STEAM_PC:006AF370,006AF5B0,006AFE40,006B0000;GOG_PC:006AF370,006AF5B0,006AFE40,006B0000;STEAM_PC:006AF370,006AF5B0,006AFE40,006B0000;GOG_PC:006AF370,006AF5B0,006AFE40,006B0000",,006AFAD0 resource-record resolver,STEAM_PC;GOG_PC;DP_SERIAL,VERIFIED,"steam DP_decompiled.c:426359-426609,428028-428035; gog DP_decompiled.c:324166-324416,325835-325844; imports/calls",2026-10-01,"006B1500 calls 006AFD60 with UPDATA/_FLINK/DPSERIAL; 006AFD60 formats .001-.003; 006AF720 opens the normalized path into object+0x108; seek/read/size helpers use the same stream. Typed payload dispatch remains unresolved. Verified extraction reads 0x100-byte record headers, recognizes XZP1 magic 0x31505A58, and inflates zlib payloads; extension-specific typed parsing remains unresolved. Verified extraction reads 0x100-byte record headers, recognizes XZP1 magic 0x31505A58, and inflates zlib payloads; extension-specific typed parsing remains unresolved."
