subsystem,scope,root_functions,manager_globals,key_classes,update_entrypoints,init_entrypoints,shutdown_entrypoints,primary_dependencies,primary_consumers,evidence_state,report_path,last_reviewed,notes
APPLICATION_LIFECYCLE,"Win32 entry, timing, top-level scheduler and shutdown",00700650 Steam; 00700670 GOG; 00401A70 paired frame root; selectedSTEAM006E1930/006E19A0/006E1AA0 CSiHolder protocol,STEAM0148CA40 selectedCSiHolder codecarrier;otherrootaxes unchanged,SelectedSTEAMCSiHolder; acceptedotherrootclasses unchanged,00401A70,004017C0,00401310;selected00401422getter->00401429/0040CE60 trackerrawpointerboundary,,,VERIFIED,findings/boundaries/application_idle_frame_loop.md;findings/boundaries/application_object_dispatch.md;findings/boundaries/application_media_phase_placement.md;findings/boundaries/cmenu_numeric_game_slot_commit.md;findings/subsystems/PHASE4_ARCHITECTURAL_PORTFOLIO.md;findings/boundaries/phase5_save_sysutil_deferred_root_lifetime.md;findings/boundaries/phase5_shared_progress_delay_retirement_limit.md;findings/boundaries/phase5_input_provider_accounting_finalizers.md;findings/boundaries/phase5_cgame_inline_layout_composition.md;findings/boundaries/phase6_tracker_application_raw_pointer_retirement.md,2026-10-05,"Accepted startup/idle/frame/shutdown spine reused. C0117 positively places the context/media phase after the object repeat loop with numeric selector/gates. Human loading/pause/title/gameplay labels, full root placement and live cadence UNKNOWN. Phase4C0158/C0159 addtypedCMenu numericpolicy/value85->acquiredCGame indexed983C4 mutation; actualvaluepopulation/otherIDs/auxactor/refresh/fieldmeaning/lifetime/GOG/cadence unknown. Phase5selectedSTEAM C0193-C0195 currentcodecarrier/typedrootcleanup/lock-member interfaces nowpositive, notwholefamily/runtime/safeownership/otherbuildconfidencepromotion. Phase5C0201/C0202 shareddelay/rawABI/callerlocalguard/noncompletion positive; requestunits documentonly, notactualcadence/sourceclock/admissionclosure/join/quiescence/GOGconfidence. Seq86 C0205-C0207 providerresultarithmetics/registered-currentroot availablefinalizer/memberbacking interfaces; gen/balance/lastuser/admissionclosureUNKNOWN, broadconfidenceunchanged. C0222/C0223 selectedGameown/inlineCLayout-compatible cleanupinterfaces only; broadconfidence unchanged. Seq104 exact local interface/transport only; current00BDA004 invocation/G-table/member generation, ownership, borrower final use and successfulsafe release UNKNOWN. Independent/personal/schema proofs before promotion; failed first target assertion preserved. No GOG/body/source widening. Phase6C0247 addsseparatetrackedrawallocationdeallocation interface; no wholechronology/ownership/safe-retirement/GOG extension."
OBJECT_DISPATCH,Generic active-object manager and multi-pass virtual dispatch,006C5FF0 Steam; 006C5AF0 GOG,STEAM_PC;GOG_PC:00BD7670 application use root / 00BD9E68 cache of CSingleton<CRdSceneDraw>;01481358 CRdHandleUtil,CSingleton<CRdSceneDraw>; CRdHandleUtil; CRdObject families,006C5FF0;006C5AF0,00406F70;00406F30;006D1610;006D11E0,006D2880;006D2450,,,STRONG_INFERENCE,findings/boundaries/application_object_dispatch.md;findings/boundaries/object_handle_lifecycle.md;findings/boundaries/object_virtual_phases.md;findings/boundaries/crdscenedraw_active_manager_interface.md;findings/boundaries/world_object_representation_policy.md;findings/subsystems/world_resource_residency.md;findings/boundaries/citem_factory_value_resource_binding.md;findings/subsystems/actor_resource_binding.md;findings/boundaries/npc_enemy_camera_scalar_marker_policy.md;findings/subsystems/npc_actor.md;findings/subsystems/PHASE4_ARCHITECTURAL_PORTFOLIO.md;findings/boundaries/phase5_model_buffer_packet_retirement.md;findings/boundaries/phase5_fishing_cold_7f0_shell_retirement.md;findings/boundaries/phase5_spatial_light_detach_cleanup.md;findings/boundaries/phase5_player_physics_dependency_teardown.md;findings/boundaries/phase5_cmap_reset_lensflare_cache_publication.md,2026-10-04,"Existing C0116 establishes VERIFIED rooted CSingleton<CRdSceneDraw> identity and own/consumer interface split; prior concrete-name UNKNOWN wording is superseded. Whole-subsystem grouping remains STRONG_INFERENCE. Complete mode/virtual ownership, cached allocation-free invocation and cadence remain unresolved. Governance projection only; no new primary analysis or confidence promotion. Seq45 selector46 CObject same-object desired-state and005C8720 consumer use added; subtype/lifetime/ownership/final draw unknown. Seq50 common factory/native0 seam reused in independent CItem argument2/descriptor4C/value4A8 route; no generic callback recensus or new manager/Player-owner proof. Seq52 selected CNpcEnemy numeric/camera/marker boundary crosslinked; no whole-subsystem confidence or free/cadence regrade. Phase5C0199/C0200 selectedbuffer/rebind/freeboundary andavailablebasepacket/queryorder nowpositive; sharedscenevectorlastuse/invalidation/generation remainUNKNOWN, broadconfidence notpromoted. Seq84 C0203/C0204 coldparent-shell teardown localintegration; actualshell/descendant generation/destruction/lastuseUNKNOWN, broaderconfidenceunchanged. Seq88 C0208/C0209 typedlight detach/clear andavailablecleanup vptr-entry order; actualgen/currentdispatch/invocation/lastuseUNKNOWN, broadconfidenceunchanged. Seq96 C0214/C0215 typedPlayerlocalnumericdependency requests andindexedcoreforward/clear; provider/index/Q-W-Mgeneration/lastuseUNKNOWN, broadconfidenceunchanged. Seq98 C0216/C0217 typedworldrelativeclear/newLensflarecachetable-publication andgenericargument-slot reference/activeD6744store; receiver/value/gen/backing/lastuseUNKNOWN, broadconfidenceunchanged."
PLAYER_ACTOR,"CPlayer state table, actor phases, action protocols",005E7620 selector1->0052DF70;005348D0/0052EBC0,008A9BA4 selectedCPlayerhandlepublication;00BD7670 reusedmanager,CPlayer,00528F40 selectedtypedstatecommit,selector1callback event0->00506F70 reconstruction,acceptedCPlayerteardowncandidate; fullerinvocationunvisited,SAVE_GAMERECORD;OBJECT_DISPATCH;INPUT_CAMERA,INPUT_CAMERA,VERIFIED,findings/boundaries/cgame_record_reconstruction_root.md;findings/boundaries/input_camera_primary_roots.md;findings/subsystems/PHASE4_ARCHITECTURAL_PORTFOLIO.md,2026-10-03,PrimarySteam selectedfactory/creation/recordconsumer/statecamera join. Historical008A9758/137-slot handlerextent C0004 andactionfamilies remainsecondary/SI; allstates/fullactorupdate/NPCownership notpromoted.
RESOURCE_LOADING,DPserial resource/archive loading and typed construction,004051F0/004051C0 -> 006B2570;006B1500;006AFD60;006B0000;00408310/004082D0;006B1310;006B3BA0;006B4F20,CRdData +0x0C/+0x10/+0x388; DPserial stream +0x108;STEAM01481130 staticCLoadThread,CRdData; CFlkUtil; CRdMesh; CRdPicture;STEAM CLoadThread,006B2730;006B2780;006B33F0;006B3760;STEAM00401C98 ->006B2A40 pendingrelease scan;STEAM006B4DE0 conditionalrequestworker,006B2570;006B1500;STEAM0076D4E0/006B4D70,006B2670;006AF7B0;006B3AA0,Win32 file I/O; zlib 1.2.1; D3D9-facing typed resources,CRdMesh; CRdPicture; extension branch helpers;CItem selected named-buffer lookup results/160/164 retention (pointee classes unknown),VERIFIED,findings/formats/dpserial_archive_loader.md;findings/boundaries/cmap_state_resource_phase_placement.md;findings/subsystems/resource_loading.md;findings/boundaries/resource_worker_typed_handoff.md;findings/boundaries/world_object_representation_policy.md;findings/subsystems/world_resource_residency.md;findings/boundaries/citem_factory_value_resource_binding.md;findings/subsystems/actor_resource_binding.md;findings/subsystems/PHASE4_ARCHITECTURAL_PORTFOLIO.md;findings/boundaries/phase5_model_crdinterp_backing_reset_boundary.md,2026-10-05,"Archive stream/extraction, CRdData manager root, callback registration, XMD/XPC/XPC2, XWP/DSB, and descriptor population are primary-backed; remaining branch parsers/field semantics remain open. Sequence14 C0120 adds tagcounter force requests/+14 producer and typed post-object/media pendingrelease placement. Existing callbackrelease reused; specific descriptor/CLevel retainer lifetime mapping unresolved. Phase4C0152-C0154 addclass-proveninvokedworker anddistinctqueue/directvalue/control8→descriptor2E chain. Root/callbackscopes reused; no actualOSsuccess/fullID/pendingclear-success/multi-producer/lifetime/GOG expansion. Seq45 paired006B2C70/006BE6E0 calls reused in world representation consumer; resource identity/index/setup success/ownership unknown. Seq50 sameCItem name-buffer/typedCRdData actualreturn/slot join; no parser/loadsuccess or existing CLevel resource-class transfer. Seq118 exact69/224 threewindows/no newdata-RTTI, personalPE/ASM and explicit-schema agreement before promotion. E4clear notresourcefree; backingguard/reload/call/clear notsameallocationgen, success, owner/currentdispatch, lastborrower/use orsafe retirement. CRdInterp-compatible type SI from cited prior map; no newnamed/current RTTI. GOG/actualowner/opaquehelper/allocator widening excluded. All70+18/originalMovieNOTPASS/disconnect107failurehistory preserved."
WORLD_STREAMING,"Map, residency, visibility, LOD, world object persistence",STEAM_PC:005D0680/005DCA50;GOG_PC:005D0750/005DCB20;STEAM_PC:005D26B0 numeric event dispatcher;005D1B00 selected typed use,STEAM_PC;GOG_PC:013936F0 in-place CMap;01437688 level array,CMap;CLevel;embedded CTargetManager identity only,STEAM installedraw00637C80/0064DB70 selectedevent1 scalar writers; rawselector00474830 incomingUNKNOWN,raw STEAM_PC:0076B720;GOG_PC:0076B430,STEAM005D26B0 state7 tag-counter requests/64 retained-slot clear; actual lifetime coordinationUNKNOWN,RESOURCE_LOADING;OBJECT_DISPATCH,,STRONG_INFERENCE,findings/boundaries/cmap_world_level_owner_root.md;findings/boundaries/cmap_state_resource_phase_placement.md;findings/boundaries/world_object_representation_policy.md;findings/subsystems/world_resource_residency.md;findings/subsystems/PHASE4_ARCHITECTURAL_PORTFOLIO.md;findings/boundaries/phase5_weather_retainer_grid_retirement.md;findings/boundaries/phase5_cmap_reset_lensflare_cache_publication.md;findings/boundaries/phase5_save_preparation_world_player_values.md;findings/boundaries/phase5_ccar_retained_game_interior_address.md,2026-10-04,"Earlier secondary world/residency seed preserved; newly primary-backed CMap root/array acquisition is VERIFIED at C0115 scope. Full world scheduling/residency and exclusive lifetime ownership not established. Sequence14 C0119 adds selectedSteam numeric task producers, retainer reset and resource/code context; central selector incoming source bounded, full scheduling/named modes/level safety remainUNKNOWN. Accepted acquisition/buildscope unchanged. Seq45 C0167-C0168/BND-148-BND-150 add conditional selector46 same-object desired+444 -> descriptor+416/pair accessor/006BE6E0/current+12 mechanism; context/value/ownership/last-use/full residency unknown. Seq94 C0212/C0213 localRainrequest/store andavailableRain/Grid/backing interface; generation/selecteddeleting/ownership/lastuse/successUNKNOWN, broadconfidenceunchanged. Seq98 C0216/C0217 typedworldrelativeclear/newLensflarecachetable-publication andgenericargument-slot reference/activeD6744store; receiver/value/gen/backing/lastuseUNKNOWN, broadconfidenceunchanged. Seq100 C0218/C0219 actualGameinlinevalue preparation/currenthandle copies and64worldslot→32bitfoldedobservation; modeguards/currentgeneration/coherentstaging/admission/lastuseUNKNOWN, broadconfidenceunchanged. Seq102 C0220/C0221 compactCCar→Gameinterioraddress provenance/opaquequery/unusedthisbytepredicate; celltype/currentgen/owner/lastuseUNKNOWN, broadconfidenceunchanged; notnewsubstantialfullvehiclelifetimeportfolio."
EVENT_SCRIPT,CEvent/DSB event command and gameplay transitions,StaticCDemo008A6070;00428870/00427A90;004213D0 selectedrawentry/exit;STEAM00405360 availableCSingleton<CEvent> cacheconstruction/access;STEAM00408960 availabletypedCEvCorecached acquisition,008A6070 CDemo;008A6074/+4 contextflags;008A670C/+69C numericphase;STEAM00BD9E58 CEventcache;STEAM00BD9FE8 availableCEvCore cache,CDemo;CDemoMovie separate;existingCEvCore/CEvent parser seeds;STEAMCSingleton<CEvent> selectedcache;STEAMCSingleton<CEvCore>/CEvManage+4;intendedCEvProcessEx/CEvThreadEx/CEvDataEx staticcohorts,Selectednativeevent1 numericphase table; conditionalregisteredobjectphase2 reuse;STEAM00441470 stream mode transition coordinator,StaticPE/0076AB90 group; actualtaskevent0->bit31/setup,"Selectedstate6 flagclear/taskmarker/replacement; registeredstaticfinalizer, noactualstaticfreeproof",OBJECT_DISPATCH;RESOURCE_LOADING;WORLD_STREAMING;INPUT_CAMERA,APPLICATION_LIFECYCLE;WORLD_STREAMING;RENDER_D3D9;STEAM00441470 cached Event/core/game/camera/object interfaces,VERIFIED,findings/boundaries/cdemo_context_selector_provenance.md;findings/subsystems/PHASE4_ARCHITECTURAL_PORTFOLIO.md;findings/boundaries/phase5_ccar_retained_game_interior_address.md;findings/boundaries/phase5_save_event_core_member_value_transport.md;findings/boundaries/phase6_shared_service_qualification.md;findings/boundaries/phase6_event_mode_coordinator_and_cmessage_auxiliary.md;findings/boundaries/phase6_core_typed_root_descriptor_and_static_cohorts.md,2026-10-05,"PositiveSteamCDemo scene/eventorganizing/use slice; not fullCEventbufferloader/CEvCore/grammar orhumanmodeportfolio. OriginalCEVENT_STREAM_PRODUCER bound staysclosed. Seq102 C0220/C0221 compactCCar→Gameinterioraddress provenance/opaquequery/unusedthisbytepredicate; celltype/currentgen/owner/lastuseUNKNOWN, broadconfidenceunchanged; notnewsubstantialfullvehiclelifetimeportfolio. Seq124C0235/C0236 separate getter-result/member numerical value bridge; CEvCore/Game names SI/currenttypes-gen unknown, no full algorithms/owningreference/cleanup/lastuse/safe-retirement promotion. findings/boundaries/phase5_save_event_core_member_value_transport.md Phase6 cacheconstructionidentity only; CEventpolicy/currentgen/ownership/retirement/allcallerroles UNKNOWN. Sequence140 adds Event-associated coordinator SI; not generic dispatcher/fullgrammar/incomingCEvent ownership/currentgen/lifetime. Seq153 selectedprimaryCSingleton<CEvCore> acquisition00BD9FE8/00408960 andCEvManage+4 hierarchy; independentlyintendedProcess/Thread/Data cohorts publishaddresses to currentgetter-resultcells. Fivewordresource/Gameconfiguration verified asreload/pairhandoff, notschema/parser/currentgen/ownership/reset/lastuse."
SAVE_GAMERECORD,dp.sav image and GameRecord snapshot/reconstruction,0040A320;0061A830;00647130;00509080;004094C0;00409790;00464590;00465170;00468980,00BDA004 sharedCGame cache;00BE5970;00BE5EF0,CGame;CSingleton<CGame>;typedCPlayerconsumer;CPreserve;CSaveData (selectedtypedI/Oroot),00642640 event1/private6->00647130;00506F70 guardedconsumer,CGamegetter/00451D90;CPlayerfactory event0reconstruction,UNKNOWN actualCGamefree/rootclear coordination,APPLICATION_LIFECYCLE;OBJECT_DISPATCH,PLAYER_ACTOR,VERIFIED,findings/subsystems/save_gamerecord.md;findings/boundaries/save_writer_staging_write_policy.md;findings/subsystems/save_writer_staging_policy.md;findings/subsystems/PHASE4_ARCHITECTURAL_PORTFOLIO.md;findings/boundaries/phase5_save_preparation_world_player_values.md;findings/boundaries/phase5_ccar_retained_game_interior_address.md;findings/boundaries/phase5_save_event_core_member_value_transport.md;findings/boundaries/phase6_menu_shared_record_phase_bridge.md,2026-10-05,"Phase4selectedprimaryqueuedI/O/staging/header/direct-live27+1recordcommit nowpositive. SharedCGame/typedactorconsumer reused atC0125/C0126 scope; fullschema/manualbuilder/actualcreationchronology/free/GOG/runtime UNKNOWN. Seq47 C0169-C0170/BND-151-153 add typed CPreserve/live CGame staging/op6/WriteFile boundary; chronology/admission/write success/schema/lifetime/GOG/runtime unknown. Seq100 C0218/C0219 actualGameinlinevalue preparation/currenthandle copies and64worldslot→32bitfoldedobservation; modeguards/currentgeneration/coherentstaging/admission/lastuseUNKNOWN, broadconfidenceunchanged. Seq102 C0220/C0221 compactCCar→Gameinterioraddress provenance/opaquequery/unusedthisbytepredicate; celltype/currentgen/owner/lastuseUNKNOWN, broadconfidenceunchanged; notnewsubstantialfullvehiclelifetimeportfolio. Seq124C0235/C0236 separate getter-result/member numerical value bridge; CEvCore/Game names SI/currenttypes-gen unknown, no full algorithms/owningreference/cleanup/lastuse/safe-retirement promotion. findings/boundaries/phase5_save_event_core_member_value_transport.md Seq153 selectedmenu-facingstate12 adds1+27stagingcopyrequest consumer/control interface; no fullsaveimage/actualcopy/coherentR/type/gen/ownership/success/runtime/free upgrade. AcceptedCGame/CPreserve/reconstruction guards unchanged."
INPUT_CAMERA,"Win32/WinMM input, CInput staging, camera mode dispatch",00409610;00449550,00BD9E10;00BE1EA4;008A9980;008A9BC8,CInput;TSiHolder<CInput>;CCamera;CSingleton<CCamera>,00708350;007099D0->00708B00;0052E0D0->005354D0,00408D80->00409610;00707D90;selectedcamera lazyacquisition,registered raw00408A30; actualregistryinvocation UNKNOWN; camera actualfreeUNKNOWN,PLATFORM_WIN32;OBJECT_DISPATCH;WORLD_STREAMING,INPUT_CAMERA;PLAYER_ACTOR,VERIFIED,findings/boundaries/input_camera_primary_roots.md;findings/boundaries/cmenu_organizing_task_use.md;findings/boundaries/cmenu_fade_predicate_camera_policy.md;findings/subsystems/native_ui_fade_camera.md;findings/boundaries/npc_enemy_camera_scalar_marker_policy.md;findings/subsystems/npc_actor.md;findings/subsystems/PHASE4_ARCHITECTURAL_PORTFOLIO.md;findings/boundaries/phase5_input_registered_finalizer_lifetime.md;findings/boundaries/phase5_shared_progress_delay_retirement_limit.md;findings/boundaries/phase5_input_provider_accounting_finalizers.md,2026-10-04,"Sequence16 selectedSteam acquisition/stage/live/camera/phase5 portfolio. BroadGOG, actualfree/initializer/mode9/fullplayergenealogy and B0010cadence unknown; C0004/C0010 preserved secondary. Sequence25 concreteCRdObjectModel menutask/typedadapter/input-camera touch addedatselectedscope; animation006C1430 owner-to-packet remainsopen, originalbounds unchanged. Seq43 later state101 camera +11C mask1-clear/root-reload/mask4-set endpoint; mask meaning/current identity/free/cadence unknown. Seq52 selected CNpcEnemy numeric/camera/marker boundary crosslinked; no whole-subsystem confidence or free/cadence regrade. Phase5selectedInputC0196-C0198 app/currentcode/BC8holder/U220callback/member-retirement interface positive; wholefamily/static-runtime/lastuse/GOGconfidence unchanged. Phase5C0201/C0202 shareddelay/rawABI/callerlocalguard/noncompletion positive; requestunits documentonly, notactualcadence/sourceclock/admissionclosure/join/quiescence/GOGconfidence. Seq86 C0205-C0207 providerresultarithmetics/registered-currentroot availablefinalizer/memberbacking interfaces; gen/balance/lastuser/admissionclosureUNKNOWN, broadconfidenceunchanged."
ANIMATION,Character/model animation and skeletal evaluation,0070BD20/0070BCC0;0070C020;006BE460;006C1430;typedCFishingPerson006BCB70->H0212,"Per-model160 resource,1E4 state,1E8 matrixoutput; notindependentAnimationManager",CRdObjectModel/CPlayer shared model interface; selectedCRdMesh resource receiver;CObjectCar selected zero-offset model producer,006BCBE0 virtual10/phase4 ->006C1430 ->0070C130; reusedphase2 CFishingPerson transform adapter,"Selected006BE6E0 resource/buffer publication andinitial006C1430(0); reusedXMD0070BD20;selectedCar005ED987/00541760 ->006BABF0(1,0) ->explicit006C1430(0)","UNKNOWN actualmodel animation-buffer teardown/free;006C1430 isupdate notshutdown; availableinline1B4 reset006B9FD0:resource-linkclear/currentbackingboundaryattempts, actualowner/lastuse UNKNOWN",D3DX matrix/quaternion math; XMD resources,CRdMesh/actor animation consumers,VERIFIED,findings/boundaries/xmd_actor_animation.md;findings/boundaries/fishing_primary_owner_update.md;findings/boundaries/cmenu_organizing_task_use.md;findings/boundaries/animation_model_state_submission.md;findings/subsystems/animation.md;findings/boundaries/cobjectcar_model_base_cache_production.md;findings/subsystems/PHASE4_ARCHITECTURAL_PORTFOLIO.md;findings/boundaries/phase5_model_buffer_packet_retirement.md;findings/boundaries/phase5_model_crdinterp_backing_reset_boundary.md,2026-10-05,"XMD payload normalization and animation-transform consumer paths are primary-backed; final owner class and renderer boundary remain open. Sequence21 newtyped+0C adapterplaceH0212 inselectedCFishingPerson context. No generic+50dispatcher/completeanimation/actualmodelquerymembership/finalGPU promotion. Sequence25 concreteCRdObjectModel menutask/typedadapter/input-camera touch addedatselectedscope; animation006C1430 owner-to-packet remainsopen, originalbounds unchanged. Sequence26 C0144/C0145 repairselectedtypedstate-to-sameinstance packetjoin andinheritedshutdown misplacement; fullalgorithm/livefreshness/free/GOG unproven. Seq54 C0176/C0177 typedCarinput/stateproducer, selectedbase98 destination/import requests, explicitsameMcurrentstateevaluation andrawinstalledconditionalconsumer. No fullaffineformula/unchangedbasepreservation/resource-success/invalidation/packetfreshness/actualframe/lifetime/GOG promotion. Phase5C0199/C0200 selectedbuffer/rebind/freeboundary andavailablebasepacket/queryorder nowpositive; sharedscenevectorlastuse/invalidation/generation remainUNKNOWN, broadconfidence notpromoted. Seq118 exact69/224 threewindows/no newdata-RTTI, personalPE/ASM and explicit-schema agreement before promotion. E4clear notresourcefree; backingguard/reload/call/clear notsameallocationgen, success, owner/currentdispatch, lastborrower/use orsafe retirement. CRdInterp-compatible type SI from cited prior map; no newnamed/current RTTI. GOG/actualowner/opaquehelper/allocator widening excluded. All70+18/originalMovieNOTPASS/disconnect107failurehistory preserved."
PHYSICS_PHYSX,Steam typed CPhysicsCore acquisition/init/object use/sessioncleanup; SDK/worker/cadence distinctions,STEAM_PC:0040E470;thunk0040E4F0;006EB3C0 common bridge;006EC450/006F9040 lifecycle;0040BA40;0040BC50;0040B700,STEAM_PC:00BDA0C8 CSingleton<CPhysicsCore>;01493FA8 shared SDK;00BDA010,CPhysicsCore;CSingleton<CPhysicsCore>;embedded interface types not fully mapped;CPhysicsThread;CNArray<CPhysicsThread::SCENE>,STEAM acquiredroot at phase14->006EB3C0;phase11->006EB400;phase9->006F9800,STEAM004017C0->006CC290->006EAAD0->006EC450,STEAM00401310->006CC670->006EAAF0->006F9040 sessioncleanup; ownoptionaldelete separate,OBJECT_DISPATCH;PLATFORM_WIN32;WORLD_STREAMING,APPLICATION_LIFECYCLE;ACTOR_OBJECTS,VERIFIED,findings/subsystems/physics_physx.md;findings/subsystems/PHASE4_ARCHITECTURAL_PORTFOLIO.md;findings/boundaries/phase5_player_physics_dependency_teardown.md,2026-10-04,"C0121/C0122 roots/order reused; Phase4C0149-C0151 newtyped4contexts/samevector/dedup/null/availableOSentry andcleanupqualifications. Actualincoming0040B630activation/fullSDK/lifetime/GOG/runtime unresolved. Seq96 C0214/C0215 typedPlayerlocalnumericdependency requests andindexedcoreforward/clear; provider/index/Q-W-Mgeneration/lastuseUNKNOWN, broadconfidenceunchanged."
VEHICLE,ExactCCar static organizing aggregate and distinct CObjectCar actor selected PC event interface,raw0076B770/0076B480;005F5DD0/005F5ED0;005F8400/005F8500;00544AB0/00544B80,008C29F0 staticCCar;00BD7670 reusedmanager task dependency,CCar;CLayout embedded;CObjectCar distinctactor,Selected event5->00555B50/00555C20; live delivery UNKNOWN;005C92C0 conditionalpostselector->00543160 selectedstate1,PE root/embedded static initializer; reusedselector53 actor construction;005ED660 customactorcallbackpublication selected,Registeredstaticfinalizer and request63/taskreset; actual actor/root free UNKNOWN,RESOURCE_LOADING;OBJECT_DISPATCH;PHYSICS_PHYSX,WORLD_STREAMING;PLAYER_ACTOR,VERIFIED,findings/boundaries/vehicle_organizing_root.md;findings/boundaries/cobjectcar_callback_control_chain.md;findings/subsystems/vehicle.md;findings/boundaries/cobjectcar_model_base_cache_production.md;findings/subsystems/PHASE4_ARCHITECTURAL_PORTFOLIO.md;findings/boundaries/phase5_ccar_retained_game_interior_address.md,2026-10-04,"Seq18 primary organizing acquisition/use and independentmaterialGOG boundary positive; CCar-to-actor ownership/CAutomobile alias/mutablecallback/frame/free unvisited. B0003 runtime stillblocked; H0007 corrected atselectedscope only. Seq39C0160/C0161 nowpositiveactualSteamcallbackproducer andconditionalnumericcontrolendpoint; historicalmutablecallbackunvisited supersededonlyhere. Opaquehelper/actualevent1-state1/own-event1posteffects/lifetime/fullGOG remainUNKNOWN. Seq54 C0176/C0177 typedCarinput/stateproducer, selectedbase98 destination/import requests, explicitsameMcurrentstateevaluation andrawinstalledconditionalconsumer. No fullaffineformula/unchangedbasepreservation/resource-success/invalidation/packetfreshness/actualframe/lifetime/GOG promotion. Seq102 C0220/C0221 compactCCar→Gameinterioraddress provenance/opaquequery/unusedthisbytepredicate; celltype/currentgen/owner/lastuseUNKNOWN, broadconfidenceunchanged; notnewsubstantialfullvehiclelifetimeportfolio."
EFFECTS,CEffect/CRdObjectEffect/XWP,00427780;004496C0;0044ACD0;0044AC10;typedCMap005DD600 selectedweather,00BDBCC4 CFadeManager;CMap+A3D24/A3D28 weatherretainers,CFadeManager;CFade;CEffectRain;CEffectHaze;reusedCEffect/CRdObjectEffect seeds,typednativeevent1 conditionalobjectphase2;gatedapplicationtail0044AC10;Haze event0F producerunknown,startuprawtaskevent0->004496C0;CMapweatherstates0/1,Manager owndeletingmechanics; actualmanager/retained-effectfreecoordination unvisited,OBJECT_DISPATCH;WORLD_STREAMING;RENDER_D3D9;AUDIO selectedinlinecomponent boundary,RENDER_D3D9,VERIFIED,findings/boundaries/effects_organizing_roots_and_use.md;findings/boundaries/presentation_movie_fade_latch_chain.md;findings/subsystems/presentation_effects.md;findings/boundaries/cmenu_fade_predicate_camera_policy.md;findings/subsystems/native_ui_fade_camera.md;findings/subsystems/PHASE4_ARCHITECTURAL_PORTFOLIO.md;findings/boundaries/phase5_weather_retainer_grid_retirement.md;findings/boundaries/phase5_cmap_reset_lensflare_cache_publication.md;findings/boundaries/phase5_hookchain_csoundloop_operand_retirement_limit.md,2026-10-05,"SelectedSteamprimaryorganizing/usepositive; fulleffectlayer/algorithm/weatherdrawselection/cachefree/runtime/GOGUNKNOWN. XWPgrammar/CScenedemo boundsunchanged. Seq41 C0162-C0164/BND-142-144 selected typed movie request/task/fade data/latch chain; event delivery/helper effects/F identity/freshness/draw success/lifetime/GOG/runtime unknown. Seq43 selected request3 immediate F+164=4/+198 current+178 interface and separate predicate7; request3->7, lastwriter/identity/lifetime/fullpolicy unknown. Seq94 C0212/C0213 localRainrequest/store andavailableRain/Grid/backing interface; generation/selecteddeleting/ownership/lastuse/successUNKNOWN, broadconfidenceunchanged. Seq98 C0216/C0217 typedworldrelativeclear/newLensflarecachetable-publication andgenericargument-slot reference/activeD6744store; receiver/value/gen/backing/lastuseUNKNOWN, broadconfidenceunchanged. Seq121 staged4ids4windows82instructions288bytes/rawdata-RTTI0; outer54/204 and downstream28/84; personal PE/ASM plus explicit28row/named-schema agreement before promotion. L=O434 geometry, twoq observations/currentA/interiorB-or0/opaque-tail/normal-return sentinel store only. q not proven pointer/handle/resource; no backing relationship/ownership/actualselecteddispatch/gen/success/lastuse/safe retirement. CSoundLoop-compatible SI by retained legacyseed, not newnamed/currentRTTI; GOG no equivalence. No helper/getter/constructor/sibling/allocator/XNV/runtime widening; all70+18/oldfailedchecks/NOTPASS/disconnect119 preserved."
FISHING,CFishing object construction and teardown,005E7620 selector43;00619FD0;00619D40;00614F00;CFishingselector38 reused,01470670 callbackactoralias;01470678 CLayoutMng;actor83C CFishingLine,CFishingPerson;CLayoutMng;CFishingLine;reusedCFishingcontroller,conditionalobjectphase2 typed0C->nativeevent1->privateupdate; selectedlayout event18,reusedselector43/00613960 plusselectedhelperallocations,C0188 admittedinstalled-event2->0060E800 line83C/cold7F0 interfaces; availableordinaryactor teardown distinct; actualoccurrence/safetyUNKNOWN,OBJECT_DISPATCH;ANIMATION;RESOURCE_LOADING,PLAYER_ACTOR,VERIFIED,findings/boundaries/fishing_primary_owner_update.md;findings/subsystems/PHASE4_ARCHITECTURAL_PORTFOLIO.md;findings/boundaries/phase5_fishing_cold_7f0_shell_retirement.md,2026-10-04,"SelectedSteamtypedroots/conditionaluse positive; generalUI/minigame/privatefamily/fullowner/free/GOG/cadence unknown. Newline8 CThrowLure retainer opensonly documentednewsource, CMustache boundsunchanged. Seq84 C0203/C0204 coldparent-shell teardown localintegration; actualshell/descendant generation/destruction/lastuseUNKNOWN, broaderconfidenceunchanged."
RENDER_D3D9,"D3D9 resources, visibility, depth, water, shadows",00406F70 acquiredCRdSceneDraw;006D2B40;006D32E0;006D57B0;STEAM00406EF0 availableCRdModelcachegetter,00BD7670 root alias;scene+63A8 distinctpointervector;STEAM00BD9E60 selectedCSingleton<CRdModel>cache,CRdSceneDraw;CLevel/CPlayer packetinterfaces;unnamedvector/packet candidates;CSingleton<CRdModel>/CRdModel fixedshaderaggregate,00401C42 pre-render ->00401633 stagedconditionalrenderconsumer,acquisitionC0116 reused;006D1610 selected63A8 allocation;STEAM00405690 availablebaseaggregateconstructor,006D2880 selectedcollectionshell delete/clear; rootcachefree bounded,ACTOR_OBJECTS;RESOURCE_LOADING;APPLICATION_LIFECYCLE,WORLD_STREAMING;PLAYER_ACTOR,VERIFIED,findings/boundaries/scene_submission_pointer_pipeline.md;findings/boundaries/crdscenedraw_active_manager_interface.md;findings/boundaries/scene_query_member_lifecycle.md;findings/boundaries/animation_model_state_submission.md;findings/subsystems/PHASE4_ARCHITECTURAL_PORTFOLIO.md;findings/boundaries/phase5_model_buffer_packet_retirement.md;findings/boundaries/phase5_spatial_light_detach_cleanup.md;findings/boundaries/phase5_crdmovie_constructed_texture_setup_descriptor.md;findings/boundaries/phase5_texture_descriptor_consumer_request_limit.md;findings/boundaries/phase6_static_tracker_shell_teardown_and_crdmodel_cache.md,2026-10-05,"SelectedSteam scene submission pointer lifecycle/typedpacket/resourceconsumerpositive. Exact querymembership/spatialmemberowner/fullGPUalgorithm/GOG/cadence unvisited; texture-registry androotcachefree originalbounds unchanged. Sequence24 C0140/C0141 addrawtypedCOctTree1CA4 member lifecycle/object14C-node58 valueprotocol/conditionalphase13-to-query join. Liveclassselection/fullalgorithm/safelifetime/GOG remain unknown. Sequence26 typedmodel phase4/1E8-to-packetjoin positive; actualqueryclass/freshness/GPU/safeownership unknown. Phase5C0199/C0200 selectedbuffer/rebind/freeboundary andavailablebasepacket/queryorder nowpositive; sharedscenevectorlastuse/invalidation/generation remainUNKNOWN, broadconfidence notpromoted. Seq88 C0208/C0209 typedlight detach/clear andavailablecleanup vptr-entry order; actualgen/currentdispatch/invocation/lastuseUNKNOWN, broadconfidenceunchanged. C0227-C0229 actualMovie->namedconstructedCRdTexture/currentdescriptor interfaces, cleanup-beforeguard/numericcommit/partialreturn; currentgen/API/ownership/lastuseUNKNOWN. Seq113 actualMoviehelper construction/descriptor interface only; currentH/M8/table/resourcegen/APIeffect/ownership/free/finaluseUNKNOWN. Original8byte minimumsourceNOTPASS/wrongcutoff preserved; prospective128/448+88metadata passedbeforepromotion, no cleanoriginal40/160/112pass. PersonalcriticalPE/ASM andexplicit-schema agreement beforecanonicalwrites, replaysnonadditive. C0230 consumerlocalrequests45/115 boundedcaptureNOT_READY, no supportcallee/oldregistrychain rescue. Seq115 capture/retention/lifetime NOT_READY at exactonecaller; Dforwardedafteropaque effects, Ptwo-wordcopy notDalias, R10poststore notsuccessfulcapture. R/D/P/H/storage gen/type/lastuse UNKNOWN; fivecallees unacquired. Newclean45/115fit notretroactiveMovieoriginalNOTPASSpass. PersonalPE/ASM andexplicit45rows beforepromotion. Phase6C0244 addsseparateModelcache root; priorrootmapwasselectednotall-rendererexhaustive. Fullshader/GPU/consumer/ownership/lifetime/currentgen/GOG UNKNOWN."
NATIVE_UI,"CRdObject task substrate, menu objects, COption/CLayout, message/overlay UI and debug UI",006C5930/006C5430;0045C9F0/0045CA20;005E7620/005E76F0;CMenu006546E0/006545B0/006516E0,01476978 staticCMenu; 00BDA000 CSingleton<CMessage>; overlay helpers,CMenu;CRdObjectModel callbacktask;CShop; CHelp; CPassword; CChess; CRdObject task objects; CMessage,"raw00654490 event1->006516E0 selectedstate->00654A80; existingtask/message slices;STEAM00620480 selectedrawselector1/18 localstate arms, invocationUNKNOWN",CMenu0076BA90 ctor;selectedreset00640210;request006545B0 initialevent0,CMenuregisteredfinalizer0076DDD0/destructor implementation; actualexecution unknown; existingtask retirement,RESOURCE_LOADING; D3D9; input/game state;APPLICATION_LIFECYCLE,CRdObject tasks; menu objects; message/overlay render paths,VERIFIED,findings/boundaries/message_overlay_dispatch.md;findings/boundaries/cmessage_high_centrality_dispatcher.md;findings/boundaries/selector_object_factory.md;findings/boundaries/cmenu_organizing_task_use.md;findings/boundaries/cmenu_numeric_game_slot_commit.md;findings/subsystems/native_ui.md;findings/boundaries/cmenu_fade_predicate_camera_policy.md;findings/subsystems/native_ui_fade_camera.md;findings/subsystems/PHASE4_ARCHITECTURAL_PORTFOLIO.md;findings/boundaries/phase5_cgame_inline_layout_composition.md;findings/boundaries/phase5_audio_client_selected_record_operation.md;findings/boundaries/phase6_menu_shared_record_phase_bridge.md,2026-10-05,"CMessage code-dispatch/record-resolution mechanics are primary-backed. Broader native-UI taxonomy, table producer, menu lifecycle, render ownership, and cadence remain open. Sequence25 positiveexactCMenu organizing/request/selecteduse/input/camera; fullUItaxonomy/othermechanisms remainSI orUNKNOWN, no universalowner/pause policy. Phase4C0158/C0159 addtypedCMenu numericpolicy/value85->acquiredCGame indexed983C4 mutation; actualvaluepopulation/otherIDs/auxactor/refresh/fieldmeaning/lifetime/GOG/cadence unknown. Seq43 C0165-C0166/BND-145-147 add conditional U+14 late-state request3/F predicate7/state101/camera mask chain; producer/liveness/alias/child/lifetime/fullUI/cadence/GOG unknown. C0222/C0223 selectedGameown/inlineCLayout-compatible cleanupinterfaces only; broadconfidence unchanged. Seq104 exact local interface/transport only; current00BDA004 invocation/G-table/member generation, ownership, borrower final use and successfulsafe release UNKNOWN. Independent/personal/schema proofs before promotion; failed first target assertion preserved. No GOG/body/source widening. C0224/C0225 selectedclientoperand/currentMaininteriorrecordmapping/opaqueinterface transport; oldreleasewordingqualifiedasrequestrole notprovensuccess. Seq106 selectedoperand/mapping/interface scope only; guardedh/postgetterh/currentA-R-M-T-U generation and actualeffect/finaloperand/lastuse/safe release UNKNOWN. No directrecordclear; lowbyteindexnot128extentguard; auto0046FA70thunktargetnotrawproof. Main/branch/personal/explicitcomparison beforepromotion; no callee/root/bank/backend/source/GOG widening. Seq153 selectedmenu-facing00620480 handler bridgesnamedlayout/resource requests withdefault+27record-copyrequests,Gameflag/localstate andpreservation/fade interfaces. IncomingS/class/lifecycle/eventprotocol/virtual30/currentgen/success/ownership/lastuseUNKNOWN; notstaticCMenu alias."
AUDIO,"Independent gameplay sound coordination, main record control and core/shared backend acquisition/use; selected parameter/named-inline-record/request mechanism; selected static-core/shared-storage local cleanup",STEAM_PC:004183D0/0046F360/00427700;STEAM_PC:0046F9D0/0072BA00;GOG_PC:0046FAD0/0072B710 core only;STEAM0046C980/0046AA90/007203A0/0072CFE0,STEAM_PC:0138A6E0 CSound;00BDBCC0 CSdMain;STEAM_PC/GOG_PC:0138A6E4 CSdCore; shared014B01E4 backend;STEAM014B01FC indexed bank interface storage,CSound;CSingleton<CSdMain>;CSingleton<CSdCore>;distinct static CSdCore,STEAM raw00454D50 event1 ->0046F360 ->0072C3F0/00720980,typed lazy getters; CSdCore0072BA00/0072B710 plus static0076D9B0/0076D6C0,"STEAM0076DF60 ECX014B0400 ->0072C2E0 local backend/A/B/V cleanup; actual dispatch/order/rootfree/safe retirement UNKNOWN; availableinline434->0069E710 numericoperand/sentinelstore only, no actualrootcleanup closure",OBJECT_DISPATCH;WORLD_STREAMING;PLATFORM_WIN32;RESOURCE_LOADING,APPLICATION_LIFECYCLE;EFFECTS selectedHookChain inline434,VERIFIED,findings/boundaries/gameplay_audio_organizing_roots.md;findings/subsystems/audio.md;findings/boundaries/audio_descriptor_request_record_chain.md;findings/boundaries/audio_static_core_backend_cleanup.md;findings/subsystems/PHASE4_ARCHITECTURAL_PORTFOLIO.md;findings/boundaries/phase5_audio_singleton_cleanup_interface_limit.md;findings/boundaries/phase5_audio_client_selected_record_operation.md;findings/boundaries/phase5_hookchain_csoundloop_operand_retirement_limit.md,2026-10-05,"C0118 reduces mandatory independent acquisition/use check at Steam scope; GOG core only. XACT-oriented backend STRONG_INFERENCE. Earlier no-root seed superseded; movie media remains separate. B0008 live cadence and AUDIO_SHUTDOWN_COORDINATION unresolved. Phase4C0155-C0157 addasset-backeddescriptor/key/inlineP andsymbolicmain/core/status/bankconsumer chain. SelectedPfieldproducer/name/bank/API/lifetime/actualsuccess remainunresolved; numericT/K/Q notplayback proof. C0178/C0179 finite12-handle/no-reset,13-opaque-argument/reset andview/reset/COM boundary; pointer samples/API results/helperfree/last-use/balance unknown. Neither full shutdown nor PLSE066 content or lazy-root free resolved. Seq90 C0210 compacttypedown-interface availability; cleanupbeforeoptionalargbit0outerboundary, dynamicrootinvocation/sharedlastuser stillUNKNOWN; broadconfidenceunchanged. C0224/C0225 selectedclientoperand/currentMaininteriorrecordmapping/opaqueinterface transport; oldreleasewordingqualifiedasrequestrole notprovensuccess. Seq106 selectedoperand/mapping/interface scope only; guardedh/postgetterh/currentA-R-M-T-U generation and actualeffect/finaloperand/lastuse/safe release UNKNOWN. No directrecordclear; lowbyteindexnot128extentguard; auto0046FA70thunktargetnotrawproof. Main/branch/personal/explicitcomparison beforepromotion; no callee/root/bank/backend/source/GOG widening. Seq121 staged4ids4windows82instructions288bytes/rawdata-RTTI0; outer54/204 and downstream28/84; personal PE/ASM plus explicit28row/named-schema agreement before promotion. L=O434 geometry, twoq observations/currentA/interiorB-or0/opaque-tail/normal-return sentinel store only. q not proven pointer/handle/resource; no backing relationship/ownership/actualselecteddispatch/gen/success/lastuse/safe retirement. CSoundLoop-compatible SI by retained legacyseed, not newnamed/currentRTTI; GOG no equivalence. No helper/getter/constructor/sibling/allocator/XNV/runtime widening; all70+18/oldfailedchecks/NOTPASS/disconnect119 preserved."
PLATFORM_WIN32,"Win32 message loop, timing, input APIs and OS integration",SelectedSTEAMCSysutil004098F0 acquisition/00707310 cleanup; broaderfamilyUNKNOWN,SelectedSTEAM00BD9E0C Sysutilholder;broaderfamilyUNKNOWN,SelectedTSiHolder<CSysutil>/CCallBackThread;broaderfamilyUNKNOWN,,,SelectedSTEAM conditionalCSiHolder raw00409240->00707310;runtimeoccurrenceUNKNOWN,,,UNKNOWN,findings/subsystems/PHASE4_ARCHITECTURAL_PORTFOLIO.md;findings/boundaries/phase5_save_sysutil_deferred_root_lifetime.md;findings/boundaries/phase5_input_registered_finalizer_lifetime.md;findings/boundaries/phase5_shared_progress_delay_retirement_limit.md;findings/boundaries/phase5_input_provider_accounting_finalizers.md,2026-10-04,"Imports available for Phase 1 classification. Phase5selectedSTEAM C0193-C0195 currentcodecarrier/typedrootcleanup/lock-member interfaces nowpositive, notwholefamily/runtime/safeownership/otherbuildconfidencepromotion. Phase5selectedInputC0196-C0198 app/currentcode/BC8holder/U220callback/member-retirement interface positive; wholefamily/static-runtime/lastuse/GOGconfidence unchanged. Phase5C0201/C0202 shareddelay/rawABI/callerlocalguard/noncompletion positive; requestunits documentonly, notactualcadence/sourceclock/admissionclosure/join/quiescence/GOGconfidence. Seq86 C0205-C0207 providerresultarithmetics/registered-currentroot availablefinalizer/memberbacking interfaces; gen/balance/lastuser/admissionclosureUNKNOWN, broadconfidenceunchanged."
RESOURCE_ARCHIVE,"DPserial segment stream, record extraction, and compression framing",006B1500;006AFD60;006AF720;006B0000;006AFE40,,archive stream helper family; local CFlkUtil utility,006AF7F0;006AF820;006AF850;006AF5B0,006B1500;006AFD60;006AF720,006AF7B0;006AF8A0,Win32 file I/O; zlib 1.2.1,RESOURCE_LOADING descriptor population,VERIFIED,findings/formats/dpserial_archive_loader.md;findings/subsystems/PHASE4_ARCHITECTURAL_PORTFOLIO.md,2026-10-02,Separated from outer resource-manager semantics; typed payload ownership remains unresolved.
OBJECT_HANDLE_SERVICE,"CRdHandleUtil packed object-handle allocation, lookup, and release",006C7650/006C7150;006C7780/006C7280;006C7810/006C7310,01481358 CRdHandleUtil,CRdHandleUtil,006C5AE0/006C55E0 registration;006C7070/006C6B70 retirement,0076D6D0/0076D3E0;006C7AF0/006C75F0,0076DE90/0076DBA0;006C7B80/006C7680,OBJECT_DISPATCH,registered active-object families,VERIFIED,findings/boundaries/object_handle_lifecycle.md;findings/subsystems/PHASE4_ARCHITECTURAL_PORTFOLIO.md;findings/boundaries/phase5_save_preparation_world_player_values.md,2026-10-04,"Current-handle registration/release mechanics are direct; non-current mapping cleanup, reuse behavior, and runtime consequences remain unresolved. Seq100 C0218/C0219 actualGameinlinevalue preparation/currenthandle copies and64worldslot→32bitfoldedobservation; modeguards/currentgeneration/coherentstaging/admission/lastuseUNKNOWN, broadconfidenceunchanged."
ACTOR_OBJECTS,Generic actor-family object interfaces and shared attachment-aware paths,00417650/00417620 shared actor virtual +0x50 handlers;004DEDA0 selected CItem payload creator,,CCharacter; CPlayer; actor-family tables;CItem selected typed resource-binding receiver,00417650/00417620;006BF550/006BF060;004DEE70 selectednative0/22 numeric/resource binding,;CItem factory native0->004DEE70,,OBJECT_DISPATCH; ANIMATION; RESOURCE_LOADING,PLAYER_ACTOR; WORLD_STREAMING,STRONG_INFERENCE,findings/boundaries/shared_actor_attachment_interface_correction.md;findings/boundaries/scene_query_member_lifecycle.md;findings/boundaries/cmenu_organizing_task_use.md;findings/boundaries/animation_model_state_submission.md;findings/boundaries/citem_factory_value_resource_binding.md;findings/subsystems/actor_resource_binding.md;findings/boundaries/npc_enemy_camera_scalar_marker_policy.md;findings/subsystems/npc_actor.md;findings/subsystems/PHASE4_ARCHITECTURAL_PORTFOLIO.md,2026-10-04,"Shared actor-family virtual placement is direct; scheduler placement and complete actor ownership remain unresolved. Sequence24 C0140/C0141 addrawtypedCOctTree1CA4 member lifecycle/object14C-node58 valueprotocol/conditionalphase13-to-query join. Liveclassselection/fullalgorithm/safelifetime/GOG remain unknown. Sequence25 concreteCRdObjectModel menutask/typedadapter/input-camera touch addedatselectedscope; animation006C1430 owner-to-packet remainsopen, originalbounds unchanged. Sequence26 typedmodel phase4/1E8-to-packetjoin positive; actualqueryclass/freshness/GPU/safeownership unknown. Seq50 C0171-C0172 adds independent typed CItem payload/field/name-buffer/manager-return/same-object-slot mechanics. Whole-subsystem confidence unchanged; Player identity/ownership, field invariance, row/name/resource types/success/lifetime unknown. Seq52 selected CNpcEnemy numeric/camera/marker boundary crosslinked; no whole-subsystem confidence or free/cadence regrade."
MEDIA_PLAYBACK,CRdMovie game-owned movie shell and shared DirectShow graph/session state,00700260/00700280;00641500/00641450;00736010/00735D20,00BD9E48 CSingleton<CRdMovie>;014B0A38 shared FilterGraph;014B09E8 source-ready,CRdMovie;CSingleton<CRdMovie>;DirectShow interfaces,00401A70 -> 00401C75 -> 00401440 -> 004016FC -> 00700500/00700520,00641500/00641450 -> 00700260/00700280 -> graph source setup,006425F0/00642540 -> 00700480/007004A0 -> graph stop/release,PLATFORM_WIN32;RENDER_D3D9;AUDIO,NATIVE_UI;APPLICATION_LIFECYCLE,VERIFIED,findings/boundaries/crdmovie_directshow_owner.md;findings/boundaries/application_media_phase_placement.md;findings/boundaries/presentation_movie_fade_latch_chain.md;findings/subsystems/presentation_effects.md;findings/subsystems/PHASE4_ARCHITECTURAL_PORTFOLIO.md;findings/boundaries/phase5_crdmovie_constructed_texture_setup_descriptor.md,2026-10-05,"C0113 acquisition/session cleanup reused; C0117 verifies selected static post-dispatch placement and helper-present return distinction. General game audio, helper type, movie singleton free and B0007 cadence remain UNKNOWN. Seq41 C0162-C0164/BND-142-144 selected typed movie request/task/fade data/latch chain; event delivery/helper effects/F identity/freshness/draw success/lifetime/GOG/runtime unknown. C0227-C0229 actualMovie->namedconstructedCRdTexture/currentdescriptor interfaces, cleanup-beforeguard/numericcommit/partialreturn; currentgen/API/ownership/lastuseUNKNOWN. Seq113 actualMoviehelper construction/descriptor interface only; currentH/M8/table/resourcegen/APIeffect/ownership/free/finaluseUNKNOWN. Original8byte minimumsourceNOTPASS/wrongcutoff preserved; prospective128/448+88metadata passedbeforepromotion, no cleanoriginal40/160/112pass. PersonalcriticalPE/ASM andexplicit-schema agreement beforecanonicalwrites, replaysnonadditive."
NPC_ACTOR,"Selected CNpcEnemy conditional event/update, camera scalar numeric-bit policy and marker interface; not fullAI/allNPC",STEAM selector3/0048D5C0;installed0047F830;00482FE0/0049EB30,No independent exclusiveNPC manager proven; common factory/active-object roots reused,CNpcEnemy;zero-offset CNpc/CCharacter/CRdObjectModelGame/CRdObjectModel/CRdObject bases,own0C0047C1F0->006BCB70/event1->0047F830/current8C/current98,005E7620 selector3/0048D5C0;008BF678 actual callback installation,Conditional currentown30/006BAB20 marker/event2 only; actual deletion/free UNKNOWN,OBJECT_DISPATCH;ACTOR_OBJECTS;INPUT_CAMERA;WORLD_STREAMING;EVENT_SCRIPT;SAVE_GAMERECORD,OBJECT_DISPATCH selected marker/event2 interface,VERIFIED,findings/subsystems/npc_actor.md;findings/boundaries/npc_enemy_camera_scalar_marker_policy.md;findings/subsystems/PHASE4_ARCHITECTURAL_PORTFOLIO.md;findings/boundaries/phase5_npc_event2_selected_virtual90_routing_limit.md,2026-10-04,"Seq52 primary selected Steam input->rounded scalar/local80-90 bit mechanism->later reload/marker interface. Opaque admission/bridge/currentvptr dependencies prevent immutable class/bit/lifetime/cadence claims. FriendlyAI/context/valuewriter, allNPC/otherclasses/GOG and safe free unknown; original CNpcRecord bounds unchanged. C0226 qualifiedexactevent2 currentvirtual90 arm; nominateddirectfeaturecleanupcard rejected, virtualtarget/type/gen/tail/lastuse unknown. No AI/state/factory/callee widening."
